leaf_slug,department_slug,leaf_status,legacy_category,provider_name,address,phone,website,source_url,notes
junk-removal-and-hauling,home-and-property-services,existing-pending,home_services,Call Us Junk Hauling,"790 N Lake Havasu Ave, Lake Havasu City, AZ 86403",(928) 412-1599,https://www.callusjunkhauling.com/,https://www.yelp.com/biz/call-us-junk-hauling-lake-havasu-city,Full address + phone confirmed
junk-removal-and-hauling,home-and-property-services,existing-pending,home_services,JD'S Junk Removal,"Lake Havasu City, AZ",(928) 846-7442,https://www.facebook.com/jdsjunkremovalhavasu/,https://www.facebook.com/jdsjunkremovalhavasu/,Phone from FB; verify address at approval
junk-removal-and-hauling,home-and-property-services,existing-pending,home_services,AAA Rousse Junk Removal,"Lake Havasu City, AZ",(928) 888-0985,https://www.aaarousse.com/Junk_Removal_Lake_Havasu_City_Arizona.html,https://www.aaarousse.com/Junk_Removal_Lake_Havasu_City_Arizona.html,Estate cleanouts/junk; operating since 2006
junk-removal-and-hauling,home-and-property-services,existing-pending,home_services,LHC Cleanup Services (Get It Done),"Lake Havasu City, AZ",,https://lhccleanupservices.com/,https://lhccleanupservices.com/,Cleanup/skid-steer; verify phone at approval
property-management,professional-and-financial,existing-pending,professional_services,"Lake Havasu Property Management, LLC","1690 McCulloch Blvd Ste 102, Lake Havasu City, AZ 86403",(928) 854-7210,https://www.havasurentalhome.com/,https://www.havasurentalhome.com/,Full address + phone confirmed
property-management,professional-and-financial,existing-pending,professional_services,Lake Havasu Property Management,"Lake Havasu City, AZ",,https://lakehavasupropertymanagement.com/,https://lakehavasupropertymanagement.com/,Long-term rental management
property-management,professional-and-financial,existing-pending,professional_services,HomeRiver Group Lake Havasu,"Lake Havasu City, AZ",,https://www.homeriver.com/arizona/lake-havasu-property-management,https://www.homeriver.com/arizona/lake-havasu-property-management,National brand w/ local office
property-management,professional-and-financial,existing-pending,professional_services,Arizona Living Rentals & Property Management,"Lake Havasu City, AZ",,https://www.azlivingrentals.com/,https://www.azlivingrentals.com/,
property-management,professional-and-financial,existing-pending,professional_services,Havasu Realty Property Management,"Lake Havasu City, AZ",,https://www.havasurealty.net/owner,https://www.havasurealty.net/owner,15+ yrs; long-term rentals
property-management,professional-and-financial,existing-pending,professional_services,PMI Lake Havasu,"Lake Havasu City, AZ",,https://www.lakehavasuvacationmanagement.com/,https://www.lakehavasuvacationmanagement.com/,Residential + short-term
property-management,professional-and-financial,existing-pending,professional_services,UNlimited RE Property Management,"Lake Havasu City, AZ",,https://unlimitedreaz.com/lake-havasu-city/,https://unlimitedreaz.com/lake-havasu-city/,Management-only (no sales)
laundry-and-dry-cleaning,professional-and-financial,existing-pending,professional_services,Modern Laundromat,"491 N Lake Havasu Ave, Lake Havasu City, AZ 86403",(928) 733-5003,,https://www.mohavelocal.com/biz/9781/modern-laundromat,Drop-off + fluff & fold
laundry-and-dry-cleaning,professional-and-financial,existing-pending,professional_services,Perfectly Pressed Cleaners (Modern Dry Cleaners),"2231 McCulloch Blvd N #112, Lake Havasu City, AZ",(928) 854-7161,,https://www.facebook.com/p/Perfectly-Pressed-Cleaners-LLC-DBA-Modern-Dry-Cleaners-61575179173457/,Dry cleaning + laundromat
laundry-and-dry-cleaning,professional-and-financial,existing-pending,professional_services,Super Ramos Suds Laundry,"Lake Havasu City, AZ",(702) 348-5446,https://www.superramossudslaundry.com/lake-havasu-az/,https://www.superramossudslaundry.com/lake-havasu-az/dry-cleaning,Laundry + dry cleaning; verify local phone
auto-glass,auto-rv-and-marine,existing-pending,auto,Advantage Windshield & Glass,"501 Lake Havasu Ave N Ste 104, Lake Havasu City, AZ 86403",(928) 855-7004,https://advantagewindshieldglass.com/,https://advantagewindshieldglass.com/,Family-run since 1994; mobile service
auto-glass,auto-rv-and-marine,existing-pending,auto,Glass Doctor of Lake Havasu City,"2100 College Dr #128, Lake Havasu City, AZ 86403",,https://glassdoctor.com/lake-havasu-city,https://glassdoctor.com/lake-havasu-city,Franchise w/ local branch (auto + home)
auto-glass,auto-rv-and-marine,existing-pending,auto,A & E Auto Glass,"Lake Havasu City, AZ",(480) 568-3840,https://a-eautoglass.com/lake-havasu-city/,https://a-eautoglass.com/lake-havasu-city/,Family owned since 2000
auto-glass,auto-rv-and-marine,existing-pending,auto,Jim's House of Glass,"Lake Havasu City, AZ",(928) 757-1171,https://jimshouseofglass.com/,https://jimshouseofglass.com/window-glass-company/lake-havasu-city-az/,Auto + window/glass
auto-glass,auto-rv-and-marine,existing-pending,auto,SafePro Auto Glass,"Lake Havasu City, AZ",(928) 800-0000,https://safeproautoglass.com/lake-havasu-city,https://safeproautoglass.com/lake-havasu-city,Family owned; open ~362 days/yr
auto-glass,auto-rv-and-marine,existing-pending,auto,Safelite AutoGlass,"Acoma Blvd W, Lake Havasu City, AZ",,https://www.safelite.com/stores/lake-havasu,https://www.safelite.com/stores/lake-havasu,National chain w/ local store (optional)
painting,home-and-property-services,new,home_services,Pro Power Painting and Restoration LLC,"Lake Havasu City, AZ",,https://propowerpainting.com/,https://propowerpainting.com/,Painting + decorative concrete
painting,home-and-property-services,new,home_services,Murrayhill Painting LLC,"Lake Havasu City, AZ",,https://murrayhillpainting.com/,https://murrayhillpainting.com/,Interior/exterior; LHC-exclusive
painting,home-and-property-services,new,home_services,Authentic Painting & Coatings Inc (APC),"Lake Havasu City, AZ 86403",,,https://www.yellowpages.com/lake-havasu-city-az/painting-contractors,Painting/drywall/epoxy floors
painting,home-and-property-services,new,home_services,K.W. Smith & Sons Painting,"Lake Havasu City, AZ",,,https://www.yellowpages.com/lake-havasu-city-az/painting-contractors,Verify contact at approval
painting,home-and-property-services,new,home_services,Havasu Painting & Specialties,"Lake Havasu City, AZ",(928) 764-3509,,https://www.yellowpages.com/lake-havasu-city-az/painting-contractors,
painting,home-and-property-services,new,home_services,B & A Painting & Drywall,"Lake Havasu City, AZ",(928) 855-8769,,https://www.yellowpages.com/lake-havasu-city-az/painting-contractors,
painting,home-and-property-services,new,home_services,Bartlett Painting,"Lake Havasu City, AZ",(928) 854-9000,,https://www.yellowpages.com/lake-havasu-city-az/painting-contractors,
locksmiths,home-and-property-services,new,home_services,Havasu Lock & Key Service,"Lake Havasu City, AZ",(928) 453-3143,https://www.locksmithlakehavasucity.com/,https://www.yelp.com/biz/havasu-lock-and-key-service-lake-havasu-city,Mobile locksmith; auto/commercial
locksmiths,home-and-property-services,new,home_services,Western Safe & Lock,"420 London Bridge Rd, Lake Havasu City, AZ 86403",(928) 855-3259,,https://www.yelp.com/biz/western-safe-and-lock-lake-havasu-city,Full address; safes + locks
locksmiths,home-and-property-services,new,home_services,Taylor & Son's Locksmiths,"3395 Winston Dr, Lake Havasu City, AZ 86406",(928) 505-5625,,https://www.yellowpages.com/lake-havasu-city-az/mip/taylor-sons-locksmiths-511235669,24/7 emergency lockouts
locksmiths,home-and-property-services,new,home_services,Lock & Key Rescue,"Lake Havasu City, AZ",(928) 230-0488,https://www.facebook.com/LockKeyRescueLakeHavasu/,https://www.facebook.com/LockKeyRescueLakeHavasu/,Mobile; always open
golf-carts,auto-rv-and-marine,existing-pending,auto,Premier Golf Cars,"2707 Maricopa Ave, Lake Havasu City, AZ 86406",(928) 680-1770,https://www.premiergolfcars.com/,https://www.yelp.com/biz/premier-golf-cars-lake-havasu-city-3,E-Z-GO & Club Car dealer
golf-carts,auto-rv-and-marine,existing-pending,auto,AZ Toy Brokers - Lake Havasu,"313 S Lake Havasu Ave, Lake Havasu City, AZ 86403",(928) 662-7820,https://aztoybrokers.com/,https://golfcartresource.com/dealer-locator/listing/az-toy-brokers-lake-havasu,Golf cart sales + repair
window-tint-and-wraps,auto-rv-and-marine,existing-pending,auto,IMPACT Wraps (Design by Impact),"180 N Lake Havasu Ave, Lake Havasu City, AZ",,https://designbyimpact.com/,https://designbyimpact.com/,Vehicle wraps + window tint + signs
window-tint-and-wraps,auto-rv-and-marine,existing-pending,auto,Clean Concepts,"2543 N Kiowa Blvd Unit 2, Lake Havasu City, AZ",(928) 412-6253,https://www.clean-concepts.com/,https://www.yelp.com/biz/clean-concepts-lake-havasu-city,Tint + vinyl wraps; 17+ yrs
window-tint-and-wraps,auto-rv-and-marine,existing-pending,auto,Prestige Customs LLC,"911 N Lake Havasu Ave Ste 304, Lake Havasu City, AZ",(928) 302-9214,,https://www.yelp.com/biz/prestige-customs-lake-havasu-city,Tint + vinyl wraps
window-tint-and-wraps,auto-rv-and-marine,existing-pending,auto,Shade Broz Tinting,"911 N Lake Havasu Ave Ste 302, Lake Havasu City, AZ",(928) 412-3383,https://www.facebook.com/Shadebroztintinghavasu/,https://www.facebook.com/Shadebroztintinghavasu/,Auto/marine/residential tint + wraps
window-tint-and-wraps,auto-rv-and-marine,existing-pending,auto,Iced Out PPF,"Lake Havasu City, AZ",,https://icedoutppf.com/,https://icedoutppf.com/,PPF + ceramic tint + marine
pressure-washing-and-exterior-cleaning,home-and-property-services,existing-pending,home_services,Havasu Soft Wash,"Lake Havasu City, AZ",(928) 486-5074,https://havasusoftwash.com/,https://havasusoftwash.com/,Pressure/soft wash + window cleaning
pressure-washing-and-exterior-cleaning,home-and-property-services,existing-pending,home_services,All In 1 Services,"Lake Havasu City, AZ",,https://allin1serviceswc.com/pressure-washing,https://allin1serviceswc.com/pressure-washing,Window/solar/pressure washing
pressure-washing-and-exterior-cleaning,home-and-property-services,existing-pending,home_services,Havasu Pressure Washing,"Lake Havasu City, AZ",,https://havasupressurewashing.com/,https://havasupressurewashing.com/,Pressure/power/soft wash
pressure-washing-and-exterior-cleaning,home-and-property-services,existing-pending,home_services,Mighty Mobile Power Washing,"2717 N Rainbow Ave, Lake Havasu City, AZ 86403",(928) 208-0820,,https://www.yelp.com/biz/mighty-mobile-power-washing-lake-havasu-city,Residential + commercial hard surface
funeral-cremation-and-cemeteries,community-and-civic,existing-pending,professional_services,Lietz-Fraze Funeral Home & Crematory,"Lake Havasu City, AZ",,https://lietz-frazefuneralhome.com/,https://lietz-frazefuneralhome.com/,Family-owned since 1967; oldest in LHC
funeral-cremation-and-cemeteries,community-and-civic,existing-pending,professional_services,Bradbury Memorial Center,"3317 AZ-95, Lake Havasu City, AZ 86404",(928) 466-9111,https://bradburymemorialcenter.com/,https://bradburymemorialcenter.com/,Funeral + cremation
funeral-cremation-and-cemeteries,community-and-civic,existing-pending,professional_services,Lake Havasu Mortuary & Crematory,"2225 N Kiowa Blvd, Lake Havasu City, AZ 86403",(928) 854-3100,,https://www.tributearchive.com/funeral-homes/us/az/lake-havasu-city/fh-756232,Mortuary + crematory
funeral-cremation-and-cemeteries,community-and-civic,existing-pending,professional_services,Mohave Memorial Mortuary & Cremation,"Lake Havasu City, AZ 86403",,,https://everloved.com/funeral-homes/AZ/lake-havasu-city/mohave-memorial-mortuary-cremation-lake-havasu-city-az-86403/,Traditional + cremation + pre-planning
hearing-and-audiology,health-and-medical,existing-pending,health_medical,Havasu Hearing Aids,"116 Lake Havasu Ave S Ste 103, Lake Havasu City, AZ 86403",(928) 855-9770,https://www.havasuhearingaids.com/,https://www.havasuhearingaids.com/,Hearing testing + aids
hearing-and-audiology,health-and-medical,existing-pending,health_medical,Cleartone Hearing Centers,"Lake Havasu City, AZ",,https://www.cleartoneaz.com/,https://www.cleartoneaz.com/,Since 2007
hearing-and-audiology,health-and-medical,existing-pending,health_medical,Audibel Hearing Center,"Lake Havasu City, AZ",(928) 615-1111,https://www.audibelhavasu.com/,https://www.audibelhavasu.com/,Hearing aids
hearing-and-audiology,health-and-medical,existing-pending,health_medical,Arizona Coast Ear Nose & Throat (Audiology),"1760 McCulloch Blvd N, Lake Havasu City, AZ 86403",,,https://www.healthyhearing.com/hearing-aids/32754-arizona-coast-ear-nose-throat-lake-havasu-city,Licensed audiologist on staff
flooring,home-and-property-services,new,home_services,Oasis Floors and Design Center,"585 N Lake Havasu Ave, Lake Havasu City, AZ 86403",(928) 680-0550,https://www.oasisfloors.com/,https://www.oasisfloors.com/,Carpet/vinyl/hardwood/tile + install
flooring,home-and-property-services,new,home_services,Tile & Carpets Unlimited,"791 Lake Havasu Ave N, Lake Havasu City, AZ 86403",(928) 505-5533,https://tileandcarpetsunlimited.com/,https://tileandcarpetsunlimited.com/,Carpet + tile; BBB A+
flooring,home-and-property-services,new,home_services,Havasu Flooring & Remodeling,"Lake Havasu City, AZ",,https://www.havasuflooringremodeling.com/,https://www.havasuflooringremodeling.com/,Flooring install + remodel
fencing,home-and-property-services,new,home_services,Armor Fence & Masonry,"1055 Aviation Dr, Lake Havasu City, AZ 86404",(928) 453-1006,https://armorfenceandmasonry.com/,https://armorfenceandmasonry.com/,Block/iron/chain link/wood; since 1995
fencing,home-and-property-services,new,home_services,Quality Fence LLC,"Lake Havasu City, AZ",(928) 855-9211,https://qualityfenceofarizona.com/,https://www.facebook.com/qualityfencehavasu/,Fence + gate; ROC 332013
fencing,home-and-property-services,new,home_services,Wilson's Welding & Wrought Iron,"Lake Havasu City, AZ",(928) 302-1806,,https://www.mohavelocal.com/l/lake-havasu-city-az/fence-contractors,Wrought iron + fencing
garage-doors,home-and-property-services,new,home_services,Integrity Garage Door Repair LLC,"Lake Havasu City, AZ",(928) 732-2581,https://integritygarageaz.com/,https://integritygarageaz.com/,Install + repair; same-day
garage-doors,home-and-property-services,new,home_services,Parker Garage Doors & More,"Lake Havasu City, AZ",(928) 216-5756,https://lakehavasugaragedoorrepair.com/,https://lakehavasugaragedoorrepair.com/,Since 1998; 24/7 emergency
garage-doors,home-and-property-services,new,home_services,Mohave Garage Door,"Lake Havasu City, AZ",(928) 392-1042,https://mohavegaragedoor.com/,https://mohavegaragedoor.com/garage-door-company/lake-havasu-city-az/,Install + service
garage-doors,home-and-property-services,new,home_services,Shaver's Garage Doors,"2001 Industrial Blvd, Lake Havasu City, AZ 86403",(928) 453-1764,,https://www.clopaydoor.com/dealers/garage-doors-lake-havasu-az-shavers,45+ yrs; Clopay dealer
concrete-and-masonry,home-and-property-services,new,home_services,Masonry and More Concrete,"3619 S Jamaica Blvd, Lake Havasu City, AZ",(928) 486-3965,https://www.masonryandmoreconcrete.com/,https://www.yelp.com/biz/masonry-and-more-concrete-lake-havasu-city,Concrete + masonry; since 2003
concrete-and-masonry,home-and-property-services,new,home_services,Frontier Concrete Inc,"Lake Havasu City, AZ",,,https://www.houzz.com/professionals/stone-pavers-and-concrete/frontier-concrete-inc-pfvwus-pf~1453942004,Driveways/repair/seal; est. 1965
concrete-and-masonry,home-and-property-services,new,home_services,Kelm Concrete Inc,"Lake Havasu City, AZ",,https://www.kelmcon.com/,https://www.kelmcon.com/,Patios/driveways/stamped concrete
trailer-sales-and-repair,auto-rv-and-marine,existing-pending,auto,Haulinit Trailers,"1850 Industrial Blvd Unit B, Lake Havasu City, AZ 86403",,https://haulinit.com/,https://www.yelp.com/biz/haulinit-trailers-lake-havasu-city,Dealer + service all makes
trailer-sales-and-repair,auto-rv-and-marine,existing-pending,auto,Unique Trailers,"1911 Industrial Blvd, Lake Havasu City, AZ",,https://uniquetrailers.com/,https://uniquetrailers.com/,Manufacturing + custom + repair
trailer-sales-and-repair,auto-rv-and-marine,existing-pending,auto,Liberty Props & Welding LLC,"1516 Countryshire Ave, Lake Havasu City, AZ 86403",(928) 855-0887,https://www.libertypropsaz.com/,https://www.libertypropsaz.com/services/163280/trailer-repair,Full trailer repair
mobile-home-services,home-and-property-services,existing-pending,home_services,Foothills Home Installers,"Lake Havasu City, AZ",(928) 342-2203,https://www.foothillshomeinstallers.com/lake-havasu-home-installation,https://www.foothillshomeinstallers.com/lake-havasu-home-installation,Install/relocate/repair manufactured homes
mobile-home-services,home-and-property-services,existing-pending,home_services,Mike's Mobile Home Service,"Lake Havasu City, AZ 86404",(928) 453-7359,,https://www.mohavelocal.com/biz/7537/mikes-mobile-home-service,Mobile home repair
mobile-home-services,home-and-property-services,existing-pending,home_services,Desert Mobile Home Services,"Lake Havasu City, AZ",,https://desertmobilehomeservices.com/,https://desertmobilehomeservices.com/,Mobile home repair + maintenance
shade-screens-and-patio-covers,home-and-property-services,existing-pending,home_services,Arizona Awning & Shade LLC,"Lake Havasu City, AZ",,,https://www.mohavelocal.com/biz/5441/arizona-awning-shade-llc,Custom awnings + roll-up sunscreens
shade-screens-and-patio-covers,home-and-property-services,existing-pending,home_services,Apollo PowerScreens,"Lake Havasu City, AZ",,https://apolloscreen.com/havasu/powerscreen/,https://apolloscreen.com/havasu/powerscreen/patio-shades-screens/,Retractable motorized screens
shade-screens-and-patio-covers,home-and-property-services,existing-pending,home_services,Blue Sky Design and Build,"Lake Havasu City, AZ",,https://blueskydesignandbuild.com/motorized-shades,https://blueskydesignandbuild.com/motorized-shades,Motorized patio shades
shade-screens-and-patio-covers,home-and-property-services,existing-pending,home_services,Outdoor Elements,"Lake Havasu City, AZ",,https://outdoorelementsusa.com/lake-havasu-az-patio-cover-installation/,https://outdoorelementsusa.com/lake-havasu-az-patio-cover-installation/,Louvered roof patio covers
shade-screens-and-patio-covers,home-and-property-services,existing-pending,home_services,Screenworks,"Lake Havasu City, AZ",,https://screenworksaz.com/,https://screenworksaz.com/,Solar screens + insect screens
pet-waste-removal,pets,existing-pending,pets,HavaScoopers Pet Waste Removal,"Lake Havasu City, AZ",,https://havascoopers.com/,https://havascoopers.com/,Poo-vacuum; weekly/monthly
pet-waste-removal,pets,existing-pending,pets,A&J Scoop A Poop,"Lake Havasu City, AZ",,https://www.facebook.com/ajscoopapoop/,https://www.yelp.com/biz/a-and-j-scoop-a-poop-lake-havasu-city,Any yard from $25
pet-waste-removal,pets,existing-pending,pets,Doggy Doo Waste Removal,"Lake Havasu City, AZ",,,https://www.yelp.com/biz/doggy-doo-waste-removal-lake-havasu-city,Scheduled waste removal
pet-waste-removal,pets,existing-pending,pets,No Sht Animal Waste Cleanup,"Lake Havasu City, AZ",,https://www.facebook.com/p/No-Sht-animal-waste-cleanup-61558724597872/,https://www.facebook.com/p/No-Sht-animal-waste-cleanup-61558724597872/,Pooper scooper service
firearms-and-shooting-sports,shopping-and-retail,existing-pending,retail,Sam's Guns (Sam's Shooters Emporium),"2183 McCulloch Blvd, Lake Havasu City, AZ 86403",(928) 680-7000,http://www.samsguns.com/,http://www.samsguns.com/,Store + indoor range
firearms-and-shooting-sports,shopping-and-retail,existing-pending,retail,Southwest Firearms,"Lake Havasu City, AZ",,https://southwestfirearm.com/,https://southwestfirearm.com/,Gun shop + gunsmith + CCW
firearms-and-shooting-sports,shopping-and-retail,existing-pending,retail,Shooters Outpost,"Lake Havasu City, AZ",,https://www.shootersoutpostlhc.com/,https://www.shootersoutpostlhc.com/,Indoor range + retail
firearms-and-shooting-sports,shopping-and-retail,existing-pending,retail,IRUNGUNS,"2600 N Kiowa Blvd Ste 102, Lake Havasu City, AZ 86403",(928) 505-6794,,https://www.yelp.com/biz/irunguns-lake-havasu-city-2,Store + indoor range
firearms-and-shooting-sports,shopping-and-retail,existing-pending,retail,Goliath Industries Guns & Ammo,"Lake Havasu City, AZ",,https://goliathaz.com/,https://goliathaz.com/top-5-gun-stores-in-lake-havasu/,Store + gunsmith + CCW
medical-specialists-and-imaging,health-and-medical,existing-pending,health_medical,The Outpatient Diagnostic Center,"101 Civic Center Ln, Lake Havasu City, AZ 86403",(928) 453-1003,https://www.havasuregional.com/imaging,https://expectedhealthcare.com/place/imaging-clinic/az/lake-havasu-city/the-outpatient-diagnostic-center/,X-ray/CT/MRI/ultrasound
medical-specialists-and-imaging,health-and-medical,existing-pending,health_medical,Lakeside MRI,"25 Riviera Blvd, Lake Havasu City, AZ 86403",(928) 923-6658,,https://expectedhealthcare.com/place/imaging-clinic/az/lake-havasu-city/lakeside-mri/,Traditional + open MRI
medical-specialists-and-imaging,health-and-medical,existing-pending,health_medical,AZ Coast Wide Open MRI,"2130 Mesquite Ave Ste 110, Lake Havasu City, AZ 86403",(928) 854-9433,,https://www.yelp.com/biz/az-coast-wide-open-mri-lake-havasu-city,Open MRI
medical-specialists-and-imaging,health-and-medical,existing-pending,health_medical,Lakeside Imaging Center,"2849 Maricopa Ave, Lake Havasu City, AZ 86406",(928) 392-8200,,https://expectedhealthcare.com/place/imaging-clinic/az/lake-havasu-city/lakeside-imaging-center/,X-ray/ultrasound/MRI/CT
drywall,home-and-property-services,new,home_services,Ryan's Drywall Services & Finishes,"Lake Havasu City, AZ",,https://ryansdrywallservicesandfinishes.com/,https://ryansdrywallservicesandfinishes.com/,Drywall construction + repair
drywall,home-and-property-services,new,home_services,Alamo Drywall Inc,"Lake Havasu City, AZ",(928) 855-2932,,https://www.yellowpages.com/lake-havasu-city-az/drywall-contractors,Drywall contracting
drywall,home-and-property-services,new,home_services,Mike Ashford Plastering Drywall & Stucco Repair,"Lake Havasu City, AZ",(928) 733-7561,,https://www.yelp.com/biz/mike-ashford-plastering-drywall-and-stucco-repair-lake-havasu-city-2,Plaster/drywall/stucco
carpentry-and-cabinets,home-and-property-services,new,home_services,Hunters Custom Cabinetry,"Lake Havasu City, AZ",,https://www.hunterscustomcabinetry.com/,https://www.hunterscustomcabinetry.com/,Custom cabinets; 40+ yrs
carpentry-and-cabinets,home-and-property-services,new,home_services,Accurate Measures,"Lake Havasu City, AZ",,https://accuratemeasureslhc.com/,https://accuratemeasureslhc.com/,Custom cabinetry; since 1997
carpentry-and-cabinets,home-and-property-services,new,home_services,Bob's Cabinets & More,"Lake Havasu City, AZ",,https://www.bobscabinets.com/,https://www.bobscabinets.com/,Custom cabinets; 35+ yrs
carpentry-and-cabinets,home-and-property-services,new,home_services,Carl's Custom Woodworks,"Lake Havasu City, AZ",(928) 453-9088,,https://www.mohavelocal.com/l/lake-havasu-city-az/cabinets-cabinet-makers,Custom woodwork
welding-and-fabrication,home-and-property-services,new,home_services,Mainline Welding,"Lake Havasu City, AZ",,https://mainlinewelding.com/,https://mainlinewelding.com/,Welding/hydraulics/mobile repair
welding-and-fabrication,home-and-property-services,new,home_services,Mansell Welding Inc,"Lake Havasu City, AZ",,https://www.mansellwelding.com/,https://www.mansellwelding.com/,Structural steel; since 1977
welding-and-fabrication,home-and-property-services,new,home_services,Pro Line Welding & Fabrication,"Lake Havasu City, AZ",(928) 453-7602,,https://www.mohavelocal.com/biz/6746/pro-line-welding-fabrication,Welding + fabrication
welding-and-fabrication,home-and-property-services,new,home_services,Fonte Welding & Fabrication,"Lake Havasu City, AZ",(928) 453-0030,,https://www.yellowpages.com/lake-havasu-city-az/welders,Welding + fabrication
gutters,home-and-property-services,new,home_services,Southwest Seamless Rain Gutters,"Lake Havasu City, AZ",,https://www.southwestseamlessraingutters.com/lake-havasu-city-az/,https://www.southwestseamlessraingutters.com/lake-havasu-city-az/,Seamless gutter install + repair
gutters,home-and-property-services,new,home_services,Quality Rain Gutters Inc,"Lake Havasu City, AZ",,https://qualityrainguttersinc.com/,https://qualityrainguttersinc.com/service-areas/lake-havasu-city/,30+ yrs; seamless + drainage
gutters,home-and-property-services,new,home_services,Scott Crane Roofing (Gutters),"Lake Havasu City, AZ",,https://www.scroofing.net/rain-gutter-installation/,https://www.scroofing.net/rain-gutter-installation/,On-site formed seamless gutters
windows-and-doors,home-and-property-services,new,home_services,All American Door Inc,"Lake Havasu City, AZ",(928) 304-7306,https://allamericandoorinc.com/lake-havasu-windows/,https://allamericandoorinc.com/lake-havasu-windows/,Windows + doors; 20+ yrs
windows-and-doors,home-and-property-services,new,home_services,JB Windows & Glass,"Lake Havasu City, AZ",,https://jbwindows.net/,https://jbwindows.net/premier-window-replacement-and-glass-services-in-lake-havasu-city-az/,Window install; 30+ yrs
windows-and-doors,home-and-property-services,new,home_services,River Valley Window & Door LLC,"Lake Havasu City, AZ",,https://rvwco.com/services/,https://rvwco.com/services/,Window replacement
windows-and-doors,home-and-property-services,new,home_services,Lakeside Door and Window LLC,"Lake Havasu City, AZ",,http://www.lakesidedoor.com/,http://www.lakesidedoor.com/,Doors + windows; full service
appliance-repair,home-and-property-services,new,home_services,Dave's Appliance Service,"1751 Acoma Blvd W, Lake Havasu City, AZ",(928) 854-7711,,https://www.yelp.com/biz/daves-appliance-service-lake-havasu-city,Major appliance repair
appliance-repair,home-and-property-services,new,home_services,Blair's Affordable Appliance Repair,"Lake Havasu City, AZ",,http://blairsaffordableappliance.com/,http://blairsaffordableappliance.com/,Washer/dryer/fridge/oven; 22+ yrs
appliance-repair,home-and-property-services,new,home_services,Sam's Appliance Repair,"Lake Havasu City, AZ",(928) 706-8742,https://www.samsappliancerepair.org/,https://www.samsappliancerepair.org/,All major appliances
appliance-repair,home-and-property-services,new,home_services,D&L Handyman & Appliance,"Lake Havasu City, AZ",,https://dlhandymanappliance.com/,https://dlhandymanappliance.com/,Appliance repair + handyman
appliance-repair,home-and-property-services,new,home_services,Affordable Plumbing & Appliance Service LLC,"Lake Havasu City, AZ",(928) 230-1138,https://www.havasuaffordableplumbing.com/appliance-repair,https://www.havasuaffordableplumbing.com/appliance-repair,Appliance repair; 90-day warranty
liquor-stores,shopping-and-retail,new,retail,Randy's Hilltop Beer & Wine,"3726 London Bridge Rd, Lake Havasu City, AZ",(928) 764-1446,https://www.facebook.com/randyshilltop/,https://www.mohavelocal.com/biz/10029/randys-hilltop-beer-wine,Beer + wine; 7 days
liquor-stores,shopping-and-retail,new,retail,London Bridge Market,"781 Lake Havasu Ave N, Lake Havasu City, AZ 86403",(928) 733-6335,,https://www.yelp.com/biz/london-bridge-market-lake-havasu-city-2,Liquor + drive-thru
pawn-shops,shopping-and-retail,new,retail,Jum-Pawn-It,"296 London Bridge Rd, Lake Havasu City, AZ",(928) 854-6288,https://jumpawnit.com/havasu/,https://www.yelp.com/biz/jum-pawn-it-lake-havasu-city-2,Gold/jewelry/electronics/firearms
pawn-shops,shopping-and-retail,new,retail,Mr. Pawn,"3319 Maricopa Ave, Lake Havasu City, AZ 86406",(928) 453-7296,,https://www.yelp.com/biz/mr-pawn-lake-havasu,Pawn shop
pawn-shops,shopping-and-retail,new,retail,Wimpey's Pawn Shop,"308 London Bridge Rd Ste B, Lake Havasu City, AZ",(928) 854-2257,https://www.facebook.com/p/Wimpeys-Pawn-Shop-100054535956897/,https://www.facebook.com/p/Wimpeys-Pawn-Shop-100054535956897/,Pawn shop
pawn-shops,shopping-and-retail,new,retail,A-Lucky Pawn,"Lake Havasu City, AZ",(928) 505-5626,,https://www.mohavelocal.com/l/lake-havasu-city-az/pawn-shops,Pawn shop
nurseries-and-garden-centers,shopping-and-retail,new,retail,Star Nursery,"1141 N Lake Havasu Ave, Lake Havasu City, AZ 86403",(928) 505-7625,,https://www.chamberofcommerce.com/business-directory/arizona/lake-havasu-city/garden-center/890210-star-nursery-garden-and-rock-centers,Trees/shrubs/cactus/yard decor
nurseries-and-garden-centers,shopping-and-retail,new,retail,Serrano's Nursery & Landscaping,"1831 Industrial Blvd, Lake Havasu City, AZ 86403",(928) 453-8219,https://www.facebook.com/SerranosNursery/,https://www.yelp.com/biz/serranos-nursery-lake-havasu-city-3,Nursery; 29 yrs
nurseries-and-garden-centers,shopping-and-retail,new,retail,Arizona Garden Nursery & Landscaping,"2050 Holly Ave, Lake Havasu City, AZ 86403",(928) 234-6850,https://www.facebook.com/arizonagardenlhc/,https://www.yelp.com/biz/arizona-garden-nursery-and-landscaping-lake-havasu-city,Nursery + landscaping
