entity_id,provider_name,google_primary_category,current_leaf_slug,proposed_leaf,proposer,bucket,cause,twin_of,dept_hint
93eaa280-0ed1-4ee8-8bc8-d3cc5ea2034d,5 Dollar Holler,,,,,A,a,,
526ef6f6-fe89-4d40-bb20-1c40025b77c2,A & E Auto Glass,,,auto-glass,name_rule_mono,A,a,,
0554ecfd-1a9f-4afc-871d-749fa5613f0b,AAA Rousse Junk Removal,,,junk-removal-and-hauling,name_rule_mono,A,a,,
e4b85b2f-2024-4fff-9e67-5b0f1b6f6d77,Accounting Angels,consultant,,,,A,a,,professional-services
5ab7d105-2d8c-4e50-af3b-49466214d7c7,Advanced Animal Care,,,,,A,a,,pets
841508dc-e059-411a-b1bd-745eec75d11c,Advantage Windshield & Glass,,,auto-glass,name_rule_mono,A,a,,
d4c20d69-6c05-435c-9391-ae83f4902544,All In 1 Services,,,,,A,a,,home-property-services
c22b3af2-30fa-4179-b11b-aba70db25db9,Alpine Plumbing & Air,,,,,A,a,,home-property-services
ef0a432e-a06c-49a1-ad67-1d464de29f4e,Apollo PowerScreens,,,,,A,a,,home-property-services
6b1aa622-ccc0-44f3-b278-ba47974efb89,Arizona Awning & Shade LLC,,,shade-screens-and-patio-covers,name_rule_mono,A,a,,
9fea5d48-ca34-4a48-8a1b-b6507877df11,Arizona Coast Ear Nose & Throat (Audiology),,,hearing-and-audiology,name_rule_mono,A,a,,
191939b9-4281-44d8-9cc7-051d1cf38db7,Arizona Living Rentals & Property Management,,,property-management,name_rule_mono,A,a,,
c87460c3-da16-4e44-a1b1-c6d4e7146d5e,Arizona MVD - Lake Havasu City,,,,,A,a,,public-civic-resources
04ae46cd-38fa-421f-a99c-8fabbe0bb68a,AZ Toy Brokers - Lake Havasu,,,,,A,a,,auto-rv-fuel
1010ae16-3be5-4f73-b6ac-4646a0d56fbe,Barnacle Bills Boat Repairs,,,,,A,a,,on-the-water
77856e81-7424-4776-ab6f-258fe729f27f,Bri & Co. Hair Studio,,,,,A,a,,health-wellness-care
20e03483-473c-40e2-ab51-9b37afc7dfcb,California Dermatology Institute,doctor,,primary-care,google_primary_type,A,a,,
2e2d2eaa-6a14-4654-bbef-7dae6ecdb976,Call Us Junk Hauling,,,junk-removal-and-hauling,name_rule_mono,A,a,,
1a5a5779-52c6-4270-ab4f-061223ebbd6f,CELIE.CO,manufacturer,,,,A,a,,auto-rv-fuel
44c91ccf-454e-4386-b2fd-2c309a98f884,Complete Acctg and Tax,finance,,,,A,a,,professional-services
19d09ecb-d537-4d4b-b8ed-433a53496eb5,Copper Canyon Realty,,,,,A,a,,professional-services
f6f83eac-f400-4575-b2f1-4231574efe56,Desert Hawks RC Club,,,,,A,a,,outdoors-parks-trails
9e1e25a6-2c61-470e-a485-5853c69d3bfc,Full Arch Dental Implant Center,health,,,,A,a,,health-wellness-care
22cb223f-02e7-495c-aca9-9bfbd554ad5e,Glass Doctor of Lake Havasu City,,,,,A,a,,auto-rv-fuel
ea57eb64-1757-4efc-9610-8919531c1026,Go Lake Havasu (CVB),,,,,A,a,,public-civic-resources
010f532a-460a-43eb-82c0-232aa3f26666,Great Clips (Bashas),,,,,A,a,,health-wellness-care
ca3975af-50f3-49ab-b1e8-630c5c8a4870,Great Clips (Shops at Lake Havasu),,,,,A,a,,health-wellness-care
689c507f-ab91-44c2-83c3-415ed0009967,Hangar 24 Lake Havasu,bar_and_grill,,,,A,a,,eat-drink
3bdad0a2-7d6d-40b2-88f0-fdb7b7f05870,Haulinit Trailers,,,,,A,a,,auto-rv-fuel
87f7d4e6-f334-455b-93ab-31a4f7d859d8,Havasu Bait & Tackle,,,,,A,a,,shopping-essentials
07041953-e8ed-43e0-91dc-66d5d30a0553,Havasu Furniture & Bedding,,,,,A,a,,shopping-essentials
6eea6b5e-8026-466f-aca4-5f97a8a3f26f,Havasu Hair Design,,,,,A,a,,health-wellness-care
e9db7728-bdaa-4d40-8a0c-ec83e814db7a,Havasu Pressure Washing,,,pressure-washing-and-exterior-cleaning,name_rule_mono,A,a,,
c3379642-ac61-41ae-b182-d6f38f2e41b3,Havasu Regional Urgent Care,,,,,A,a,,health-wellness-care
c7747b81-5797-4888-bb8b-cadccc8193b2,Havasu Watercraft Connections,,,,,A,a,,on-the-water
d3c6e4f5-d398-443c-9f33-2a288956fa0a,HomeRiver Group Lake Havasu,,,,,A,a,,professional-services
549cc35b-404c-4133-8f16-794f9d41b248,Hy-Tech Watercraft Repair,,,,,A,a,,on-the-water
a96f1a03-0e13-4968-b02d-9e9508f2e682,Iced Out PPF,,,,,A,a,,auto-rv-fuel
4103ef33-95e3-49a4-93bf-1e34141237ed,IMPACT Wraps (Design by Impact),,,window-tint-and-wraps,name_rule_mono,A,a,,
c1f3a688-22ae-4547-9a36-f5e60443c419,Indian Bend Park,,,,,A,a,,outdoors-parks-trails
6771f5f8-8746-4bbd-be87-9821fe7014c2,Infinity bookkeeping,consultant,,,,A,a,,professional-services
9e32b615-9e9c-470e-8e3a-a7fbc8943eee,Island Ball Fields,,,,,A,a,,outdoors-parks-trails
36e0d3cc-08fc-48a4-9146-2df409e75514,JD'S Junk Removal,,,junk-removal-and-hauling,name_rule_mono,A,a,,
70e5ecd8-67a3-4be6-96b8-4d260fe2a2d4,Jim's House of Glass,,,,,A,a,,auto-rv-fuel
96018ac2-622d-4c44-8254-cc3832d70041,K Jacob Accounting & Taxes,consultant,,,,A,a,,professional-services
e367efe0-62bd-4e53-bfb5-fc9b51bd2c60,Kathy Chalmers Taxes & Accounting PLLC,consultant,,,,A,a,,professional-services
bbf2420b-267e-45e6-b5c0-bf61884322b6,Lake Havasu Community Performing Arts Center & Little Theater,,,,,A,a,,events
171d3038-5e00-445d-86a7-c630d5b5c4d4,Lake Havasu Golf Club - East Course,,,,,A,a,,outdoors-parks-trails
f17ce08c-5d49-4d04-8c5d-1cf05922659f,Lake Havasu Golf Club - West Course,,,,,A,a,,outdoors-parks-trails
e44e631a-7630-4efe-825e-14de22853d4d,Lange Veterinary Center,,,,,A,a,,pets
c5d0022d-2d9e-4f90-ac16-26a0d5370697,Legendz Sports Bar & Grill,bar_and_grill,,,,A,a,,eat-drink
d08cd149-e0aa-4fef-a419-de46e7916d91,LHC Cleanup Services (Get It Done),,,,,A,a,,home-property-services
dc07b788-a36c-45d3-8ecd-a7dd3c2504f9,Liberty Props & Welding LLC,,,,,A,a,,auto-rv-fuel
23742b60-f6f3-4d30-bab2-b25d87076442,Mark's Marine Service LLC,,,,,A,a,,on-the-water
538348aa-1e7a-4af0-adc6-636d19e29a33,Martini Bay,bar_and_grill,,,,A,a,,eat-drink
62254956-b7d2-4359-89c3-5162a1e124ef,McKee's Pub & Grill,bar_and_grill,,,,A,a,,eat-drink
eebbdcff-bdf5-4a8a-8497-0e6c6c002814,Memory Magic,service,,,,A,a,,professional-services
da0ea854-66d1-43d7-a638-14d64cb33c00,Metro Tax & Financial Services Inc,consultant,,,,A,a,,professional-services
ded03f70-e13a-4e2a-b493-3bf9793822e4,Mighty Mobile Power Washing,,,pressure-washing-and-exterior-cleaning,name_rule_mono,A,a,,
cdfcbc32-3eb9-4f25-b25e-991bceae7602,Mohave Garage Door,,,garage-doors,name_rule_mono,A,a,,
1d917dad-a66b-4829-987d-b6d5c4126480,NSC Certified Public Accountants LLC,consultant,,,,A,a,,professional-services
e155f2ea-eb66-4abf-a843-233fa6e81b33,Outdoor Elements,,,,,A,a,,home-property-services
70a84b6c-167c-4243-97b9-418d8f849780,River Palm Landscaping,,,,,A,a,,home-property-services
93e16ea6-f803-4474-bad7-604396e94b1a,Robyn Parrott Park,,,,,A,a,,outdoors-parks-trails
088db841-315e-4ff8-9c0c-a828e483c73e,Safelite AutoGlass,,,auto-glass,name_rule_mono,A,a,,
631c88bc-339c-4348-8367-86a08ce6340f,SafePro Auto Glass,,,auto-glass,name_rule_mono,A,a,,
8d42f8ca-4bef-4432-9d7f-96cb2f7d4bca,Sandbar Watersports,,,,,A,a,,on-the-water
439cac23-d6ef-452e-8a06-59c153361ed7,Screenworks,,,,,A,a,,home-property-services
290986a1-246b-464f-b04a-14342b5d80ba,Shade Broz Tinting,,,window-tint-and-wraps,name_rule_mono,A,a,,
f1f60c84-60d9-484a-a805-7cca20319323,Skin and Cancer Institute,,,,,A,a,,health-wellness-care
33b515c3-6965-4c35-a84b-10eccd27a42f,Tavern 95,bar_and_grill,,,,A,a,,eat-drink
0c70f6e6-ce08-4473-b9ed-8b17d301cc71,Tech One Racing,,,,,A,a,,on-the-water
b76c5148-4914-414c-b9a9-6b958f628e2d,The 928 Group,service,,,,A,a,,professional-services
ed0d4fd5-8028-41e7-9747-1091676dbfb3,The Foundry Plates & Spirits,,,,,A,a,,eat-drink
74ba05e1-4b6e-47a2-a9aa-eb8a84a06e8e,Turtle Grille,bar_and_grill,,,,A,a,,eat-drink
6f6f438e-cd96-4f1c-8156-3f15e32c8754,U-Haul Moving & Storage,,,,,A,a,,home-property-services
250cc8f0-dfb2-4591-8c14-c1ee118f54bd,Unique Trailers,,,,,A,a,,auto-rv-fuel
601440b3-cf1b-4cd1-8894-d012437bc9b2,UNlimited RE Property Management,,,property-management,name_rule_mono,A,a,,
499750aa-348e-4706-8c1a-86c704a4a7a4,Walmart Auto Care Center,,,,,A,a,,auto-rv-fuel
de5c5a5b-b48a-4bc6-a448-1bde78776188,Walmart Supercenter (grocery),,,,,A,a,,shopping-essentials
933ce742-4ffc-459b-b692-393a5ba88d07,Win Win Bingo Casino,,,,,A,a,,events
40380464-4572-4a34-bd70-c9efda2e54bf,Windsor Inn Lake Havasu City,,,,,A,a,,lodging-vacation-rentals
e60103cb-9d4f-4f34-9531-47a31797ea3a,Adventure Vacation Rentals,,lodging-vacation-rentals,,,A,b,,lodging-vacation-rentals
21c6f9cf-4463-4aab-a78c-98f891586366,Back Nine Golf,,outdoors-parks-trails,,,A,b,,outdoors-parks-trails
6c0039d3-23a3-4406-b160-bcc430c2b232,Bridgewater Links,,outdoors-parks-trails,,,A,b,,outdoors-parks-trails
52101464-e306-44c4-a849-83f4b1d82c71,In the Pocket Billiard,,things-to-do-and-attractions,,,A,b,,
7646c641-0bde-4974-a662-e160b06e8332,Iron Wolf Top Tracer Range,,outdoors-parks-trails,,,A,b,,outdoors-parks-trails
5644bd16-8a6b-40b2-b432-b0ada6866707,Islander Pizzeria,,eat-drink,,,A,b,,eat-drink
d57e9351-bde8-4215-a424-6684270bab01,Lady Lee's,,eat-drink,,,A,b,,eat-drink
b59f57c0-af37-479c-9a9f-7e176666d70a,Lady Lee's Billiards Hall,,things-to-do-and-attractions,,,A,b,,
86a19ca5-3186-4625-bf2b-7d4192fed068,Lake Havasu City BMX,,classes-sports-recreation,,,A,b,,
e31e66d4-dea3-4247-8150-6c33631b59eb,Mike Delaney Pickleball Complex at Dick Samp Park,,classes-sports-recreation,,,A,b,,classes-sports-recreation
4973e593-a631-4f81-ab42-8d43a6566f7c,Nick Young Outdoors,,on-the-water,,,A,b,,on-the-water
4a66e7d8-7edd-4f3a-a262-0317d2ae6ce5,Parker Garage Doors & More,,,,,B,a,,
1cca9abb-4eba-4ee1-bb43-ccdad1403e67,Bill Williams River National Wildlife Refuge,,parks-and-playgrounds,,,B,d,,
e1b9475e-06f1-4096-8fdc-c6569c850042,BlueWater Resort & Casino,,casinos-and-gaming,,,B,d,,
0450c3d8-af2a-4877-905b-9d25edb143f7,Cerbat Cliffs Golf Course,,golf-courses,,,B,d,,
dc675624-ccab-4a7e-8a62-10634aa940a3,Chaparral Golf Course,,golf-courses,,,B,d,,
e5564cda-0022-4c57-b370-dbc46966e4c6,Desert Bar,,parks-and-playgrounds,,,B,d,,
fc367380-e688-439b-84e4-e2e28945b5c8,Desert Diamond Distillery Factory Tour,,tours-and-sightseeing,,,B,d,,
b244e77f-6e5a-4f59-ac66-44d1b8e1c5e3,El Rio Golf Club,,golf-courses,,,B,d,,
d2d2bf8e-cc62-498f-865b-b8c5fa391d55,Emerald Canyon Golf Course,,golf-courses,,,B,d,,
01230c71-ed02-430f-b5d3-5942836f6bff,Grand Canyon Caverns,,landmarks-and-sights,,,B,d,,
8c769188-1d26-4769-bc4d-1b85b25b08e4,Grand Canyon West,,landmarks-and-sights,,,B,d,,
e0eb1ad8-cac0-49e9-96af-d284c213f900,Hualapai Mountains,,hiking-trails,,,B,d,,
47a01ab7-d655-4197-8ce9-7588d3572b87,Huukan Golf Club,,golf-courses,,,B,d,,
8e65f8c7-d54e-4788-a5c8-a3f20d8999b1,Keepers of the Wild,,landmarks-and-sights,,,B,d,,
55884dc4-b76f-4bdf-8044-5e36785b72ff,Laughlin Ranch Golf Club,,golf-courses,,,B,d,,
ba6451d6-870d-4629-b68d-6f0a3e13a4bc,Los Lagos Golf Club,,golf-courses,,,B,d,,
7589f46b-bb29-4be6-895b-c5dd20192dbb,Mojave Resort Golf Club,,golf-courses,,,B,d,,
f8bff155-4777-4890-9b75-0ed2d0012333,Oatman,,landmarks-and-sights,,,B,d,,
e2f58802-c4bf-4150-895a-7b00ab0e4f0a,River's Edge Golf Course,,golf-courses,,,B,d,,
82fcc6c9-9edd-4140-ad96-97ec46558042,Route 66 Museum | Powerhouse Visitor Center,,museums-and-galleries,,,B,d,,
86689542-cea3-4d35-b9f1-cf88023ad98c,Stetson Winery & Event Center,,bars-and-breweries,,,B,d,,
6ede1d77-59f5-4ad1-8114-b9b92e3f2756,Topock 66 Restaurant,,restaurants,,,B,d,,
3ea84bcc-8ee2-494a-8dd7-4aaf8cd5140a,Affordable Plumbing and Appliance Service,,,,,C,a,Affordable Plumbing & Appliance Service LLC,
dfe07697-e4e0-41dc-ab68-b3d6369789ee,Captain Bob's Boat Adventures,,,,,C,a,Captain Bob's Boat Adventures,
124071a9-8fc0-48c2-8c2e-71a47987b7bf,Clean Concepts,,,,,C,a,Clean Concepts Inc.,
affd55bb-aa2c-4fe3-8625-f3afe8db582c,Cypress Park,,,,,C,a,Cypress Park,
c0d20309-1831-4e3e-ac0a-a996798e04d3,Gibbs Propeller Service,,,,,C,a,Gibbs Propeller Services,
57cf4500-2752-4128-bf2b-a918fca0669f,Havasu Hearing Aids,,,,,C,a,"Havasu Hearing Aids, LLC",
ebb66e47-67d1-4e80-af65-415f18972227,"Lake Havasu Property Management, LLC",,,,,C,a,Lake Havasu Property Management,
673b79c8-4467-42bd-bd2d-2d6ac3b8c3c7,Niko's Grill & Pub,bar_and_grill,,,,C,a,Niko's Grill and Pub,
4d7713f1-d48f-49c8-983a-ff1eec5c4a75,Optima Medical (Central Lake Havasu),,,,,C,a,Optima Medical - Central Lake Havasu City,
4685ceb5-c8ac-4810-ba0c-6cb009d33030,Total Marine Pros and Powersports,,,,,C,a,Total Marine Pros and Powersports,
21af462d-cbff-4c38-a7e2-fa0293e924d0,Golf n' Brews,,outdoors-parks-trails,,,C,b,Golf N’ Brews,
db0189de-7fca-4943-9326-e33635ed04ef,Havasu Island Golf Course,,outdoors-parks-trails,,,C,b,Havasu Island Golf Course,
20afefe8-b2da-4f05-a1a9-85f2c6089ea8,Iron Wolf Golf & Country Club,,outdoors-parks-trails,,,C,b,Iron Wolf Golf & Country Club,
882fd003-9e7e-43df-bb4a-330b53131ef8,Lake Havasu Golf Club,,outdoors-parks-trails,,,C,b,Lake Havasu Golf Club,
bc7f2cc4-5952-48ec-a1fc-60d6a142cb41,Lake Havasu Water Park,,classes-sports-recreation,,,C,b,Lake Havasu State Park,
e2eef582-bd17-4096-993b-d18056d6b2f0,Mr. Lucky's Billiards & Pub,,things-to-do-and-attractions,,,C,b,Mr. Lucky's Billiards & Pub,
351f8a5c-93c0-4bcc-9a9b-903cff14251c,SummeRay Wine Bar & Local Eatery,,eat-drink,,,C,b,SummeRay Wine Bar & Local Eatery,
