flag,severity,event_id,date,title,venue_stored,stored_value,source_says,proposed_action,source_domain,source_url,detail
dead_source_link,high,99a38686-d69e-4ed4-a12f-5a4c1fe7c66c,2026-10-31,London Bridge Days Parade,Downtown Havasu District (Main Street),https://londonbridgedays.com/parade/,HTTP 404,quarantine,londonbridgedays.com,https://londonbridgedays.com/parade/,DEAD_LINK: HTTP 404 (source gone) [confirmed on recheck]
duplicate,high,66ad5275-9c79-4713-a416-b468eb8758d3,2026-07-31,Crosscutt at The Flying X Saloon,Flying X Saloon,2x same title+date+venue,dupes: 8a83283d,dedup/collapse,allevents.in,https://allevents.in/lake-havasu-city/crosscutt-at-the-flying-x-saloon-friday-july-31st-2026/200030130286857,"same title+date+venue='Flying X Saloon' | sources=['allevents.in', 'golakehavasu.com']"
duplicate,high,8a83283d-bea7-497e-b838-dc9fbbf65e6d,2026-07-31,Crosscutt at the Flying X Saloon,Flying X Saloon,2x same title+date+venue,dupes: 66ad5275,dedup/collapse,golakehavasu.com,https://www.golakehavasu.com/events/crosscutt-at-the-flying-x-saloon1/,"same title+date+venue='Flying X Saloon' | sources=['allevents.in', 'golakehavasu.com']"
past_dated_live,high,c036c005-49a1-40b4-a907-5cda9bbf08e5,2026-07-06,Summer Free Movies “Dora and the Lost City of Gold” Star Cinemas,"Star Cinemas 5601 Highway 95, Lake Havasu City",date=2026-07-06 (past),n/a — event is over,expire/retire,riverscenemagazine.com,https://riverscenemagazine.com/events/summer-free-movies-dora-and-the-lost-city-of-gold-star-cinemas/,start 2026-07-06 < today 2026-07-13; still status=live (end=2026-07-09)
past_dated_live,high,15b26a4a-54fc-4fcb-89da-1ecd2a775aca,2026-07-06,Toptracer Range — Family Night Golf,Iron Wolf Golf & Country Club — Toptracer Range,date=2026-07-06 (past),n/a — event is over,expire/retire,ironwolfgcc.com,https://ironwolfgcc.com/toptracer/?occ=toptracer-mon-2026-07-06,start 2026-07-06 < today 2026-07-13; still status=live (end=2026-07-06)
past_dated_live,high,74457a55-161d-4798-97dd-32010bacadff,2026-07-06,Rainforest Rush Kids Camp 2026,"3516 McCulloch Blvd N, Lake Havasu City, AZ 86406",date=2026-07-06 (past),n/a — event is over,expire/retire,abundantgracelhc.churchcenter.com,https://abundantgracelhc.churchcenter.com/registrations/events/3574030,start 2026-07-06 < today 2026-07-13; still status=live (end=2026-07-10)
past_dated_live,high,1ef38651-5f94-4f67-bbf5-dda85a6acc4d,2026-07-07,Popsicles in the Park,Rotary Community Park Infant Playground,date=2026-07-07 (past),n/a — event is over,expire/retire,lhcaz.gov,https://www.lhcaz.gov/185/Parks-Recreation#cal|2026-07-07|popsicles-in-the-park|09-00,start 2026-07-07 < today 2026-07-13; still status=live (end=2026-07-07)
past_dated_live,high,4664c644-2de5-44ac-9d2e-32680e4a5e5e,2026-07-07,Junior Jump Time (Ages 6 & Under),Altitude Trampoline Park,date=2026-07-07 (past),n/a — event is over,expire/retire,altitudetrampolinepark.com,https://www.altitudetrampolinepark.com/locations/arizona/lake-havasu-city/5601-highway-95-n/?occ=altitude-junior-jump-2026-07-07,start 2026-07-07 < today 2026-07-13; still status=live (end=2026-07-07)
past_dated_live,high,06f60dfe-77ad-45f8-93f9-e4a466f27a44,2026-07-07,Mexican Train Dominoes,Lake Havasu City Parks & Recreation,date=2026-07-07 (past),n/a — event is over,expire/retire,lhcaz.gov,https://www.lhcaz.gov/185/Parks-Recreation#cal|2026-07-07|mexican-train-dominoes|10-00,start 2026-07-07 < today 2026-07-13; still status=live (end=2026-07-07)
past_dated_live,high,4a046fda-13f5-45e7-a19e-2f18a979d3e8,2026-07-07,Big Fish Little Fish at the Aquatic Center,Lake Havasu City Aquatic Center,date=2026-07-07 (past),n/a — event is over,expire/retire,golakehavasu.com,https://www.golakehavasu.com/events/big-fish-little-fish-at-the-aquatic-center/,start 2026-07-07 < today 2026-07-13; still status=live (end=2026-07-07)
past_dated_live,high,8018eee0-2644-41b2-9d84-31c36b8bfb24,2026-07-07,HAVASU STAR SEARCH - 2nd Season,Harleyz & Hot Rodz Motor Pub & Grill,date=2026-07-07 (past),n/a — event is over,expire/retire,golakehavasu.com,https://www.golakehavasu.com/events/havasu-star-search-2nd-season/,start 2026-07-07 < today 2026-07-13; still status=live (end=2026-07-07)
past_dated_live,high,0d7d83b0-39b0-4ad9-b58f-a91e5a8cdd79,2026-07-07,BMX Local Race,Lake Havasu City BMX,date=2026-07-07 (past),n/a — event is over,expire/retire,usabmx.com,https://www.usabmx.com/events/639499,start 2026-07-07 < today 2026-07-13; still status=live (end=None)
past_dated_live,high,3b2660c0-aa7c-4b0b-8020-0e7454c56da6,2026-07-08,Board of Adjustment Meeting,Lake Havasu City,date=2026-07-08 (past),n/a — event is over,expire/retire,lakehavasucity.legistar.com,https://lakehavasucity.legistar.com/MeetingDetail.aspx?LEGID=2333&GID=369&G=5AEAF673-D725-4019-8991-F827FA6D56B6,start 2026-07-08 < today 2026-07-13; still status=live (end=None)
past_dated_live,high,87a14987-79dd-4eab-9d02-17b7d1fd9d5c,2026-07-08,Christmas in July,Lake Havasu Senior Center,date=2026-07-08 (past),n/a — event is over,expire/retire,lakehavasuseniorcenter.com,https://lakehavasuseniorcenter.com/current-events,start 2026-07-08 < today 2026-07-13; still status=live (end=2026-07-10)
past_dated_live,high,b6f6762e-e2af-404e-bb5c-aed351acdbe7,2026-07-08,Christmas in July,Lake Havasu Senior Center,date=2026-07-08 (past),n/a — event is over,expire/retire,lakehavasuseniorcenter.com,https://lakehavasuseniorcenter.com/current-events,start 2026-07-08 < today 2026-07-13; still status=live (end=2026-07-08)
past_dated_live,high,c3cc923a-c35b-4c46-ac5f-10ff3bd807e2,2026-07-08,Popsicles in the Park,Lake Havasu City Parks & Recreation,date=2026-07-08 (past),n/a — event is over,expire/retire,lhcaz.gov,https://www.lhcaz.gov/185/Parks-Recreation#cal|2026-07-08|popsicles-in-the-park|09-00,start 2026-07-08 < today 2026-07-13; still status=live (end=2026-07-08)
past_dated_live,high,5b5bd33f-7ffa-4fa5-9285-0ecac13a8206,2026-07-08,Toptracer Range — Family Night Golf,Iron Wolf Golf & Country Club — Toptracer Range,date=2026-07-08 (past),n/a — event is over,expire/retire,ironwolfgcc.com,https://ironwolfgcc.com/toptracer/?occ=toptracer-wed-thu-2026-07-08,start 2026-07-08 < today 2026-07-13; still status=live (end=2026-07-08)
past_dated_live,high,8c3e6cd1-63c6-48df-a9fe-e5d27009701f,2026-07-08,Glow in the Park — All Ages,Altitude Trampoline Park,date=2026-07-08 (past),n/a — event is over,expire/retire,altitudetrampolinepark.com,https://www.altitudetrampolinepark.com/locations/arizona/lake-havasu-city/5601-highway-95-n/?occ=altitude-glow-wed-2026-07-08,start 2026-07-08 < today 2026-07-13; still status=live (end=2026-07-08)
past_dated_live,high,aa6908c7-2515-4d93-a9a8-60d42e68e79a,2026-07-08,Glow in the Dark Family Painting,Lake Havasu City Parks & Recreation,date=2026-07-08 (past),n/a — event is over,expire/retire,register.lhcaz.gov,https://register.lhcaz.gov/webtrac/web/iteminfo.html?Module=AR&FMID=88501293,start 2026-07-08 < today 2026-07-13; still status=live (end=2026-07-08)
past_dated_live,high,6f358454-252c-495f-86c9-19e1b48bfbfb,2026-07-08,Kids Pizza Party Cooking Class,Lake Havasu City Parks & Recreation,date=2026-07-08 (past),n/a — event is over,expire/retire,register.lhcaz.gov,https://register.lhcaz.gov/webtrac/web/iteminfo.html?Module=AR&FMID=88482651,start 2026-07-08 < today 2026-07-13; still status=live (end=2026-07-08)
past_dated_live,high,81b7abc3-beb4-4747-bac3-c12d49c13f29,2026-07-08,"Sip, Mingle & Shop",Shugrues Bridgeview Room,date=2026-07-08 (past),n/a — event is over,expire/retire,golakehavasu.com,https://www.golakehavasu.com/events/sip-mingle-shop/,start 2026-07-08 < today 2026-07-13; still status=live (end=2026-07-08)
past_dated_live,high,5278ee46-3bea-4f75-98f9-79ea3776e7e3,2026-07-09,Pickleball Open Play,Mike Delaney Pickleball Complex at Dick Samp Park,date=2026-07-09 (past),n/a — event is over,expire/retire,lakehavasupickleball.com,https://www.lakehavasupickleball.com/calendar,start 2026-07-09 < today 2026-07-13; still status=live (end=2026-07-10)
past_dated_live,high,1ace80f1-9315-4b5b-a65d-c583d57b9d27,2026-07-09,Pickleball Open Play,The Ark Center,date=2026-07-09 (past),n/a — event is over,expire/retire,lakehavasupickleball.com,https://www.lakehavasupickleball.com/calendar,start 2026-07-09 < today 2026-07-13; still status=live (end=2026-07-09)
past_dated_live,high,d4d86321-a2d0-4e81-a52e-1328b5a54df4,2026-07-09,Big Fish Little Fish at the Aquatic Center,Lake Havasu City Aquatic Center,date=2026-07-09 (past),n/a — event is over,expire/retire,golakehavasu.com,https://www.golakehavasu.com/events/big-fish-little-fish-at-the-aquatic-center1/,start 2026-07-09 < today 2026-07-13; still status=live (end=2026-07-09)
past_dated_live,high,58246e56-035d-4aae-9d44-54341ac8a48a,2026-07-09,Tiny Tots - Open Gym Play,Lake Havasu City Parks & Recreation,date=2026-07-09 (past),n/a — event is over,expire/retire,lhcaz.gov,https://www.lhcaz.gov/185/Parks-Recreation#cal|2026-07-09|tiny-tots-open-gym-play|10-00,start 2026-07-09 < today 2026-07-13; still status=live (end=2026-07-09)
past_dated_live,high,cf963b6d-8493-4a8d-9d13-4db0293b29dd,2026-07-09,Junior Jump Time (Ages 6 & Under),Altitude Trampoline Park,date=2026-07-09 (past),n/a — event is over,expire/retire,altitudetrampolinepark.com,https://www.altitudetrampolinepark.com/locations/arizona/lake-havasu-city/5601-highway-95-n/?occ=altitude-junior-jump-2026-07-09,start 2026-07-09 < today 2026-07-13; still status=live (end=2026-07-09)
past_dated_live,high,2be9f4e4-6670-4130-bb0d-278784ac3e93,2026-07-09,Pickleball Round Robin,Lake Havasu City Parks & Recreation,date=2026-07-09 (past),n/a — event is over,expire/retire,register.lhcaz.gov,https://register.lhcaz.gov/webtrac/web/iteminfo.html?Module=AR&FMID=95046496,start 2026-07-09 < today 2026-07-13; still status=live (end=2026-07-09)
past_dated_live,high,5f3f0879-5138-45a6-9979-cf642ecf2025,2026-07-09,Grief & Mental Health,Lake Havasu,date=2026-07-09 (past),n/a — event is over,expire/retire,allevents.in,https://allevents.in/lake-havasu-city/grief-and-mental-health/200030348942745,start 2026-07-09 < today 2026-07-13; still status=live (end=2026-07-09)
past_dated_live,high,3de1e7ed-1ae3-4aa0-9e45-49105d07f96c,2026-07-09,Kids Art - Painting with Sponges,Lake Havasu City Parks & Recreation,date=2026-07-09 (past),n/a — event is over,expire/retire,lhcaz.gov,https://www.lhcaz.gov/185/Parks-Recreation#cal|2026-07-09|kids-art-painting-with-sponges|15-00,start 2026-07-09 < today 2026-07-13; still status=live (end=2026-07-09)
past_dated_live,high,40a25df6-6451-4346-985b-8fe701a565fc,2026-07-09,"Red, White and Blue Bunco Party",Go Lake Havasu Visitor Center,date=2026-07-09 (past),n/a — event is over,expire/retire,my.cheddarup.com,https://my.cheddarup.com/c/wcrbunco/items,start 2026-07-09 < today 2026-07-13; still status=live (end=2026-07-09)
past_dated_live,high,52e13149-3fed-4276-8655-4ca4c043cbae,2026-07-09,10 Year Anniversary Ribbon Cutting River Valley Home Health & Hospice,Lake Havasu,date=2026-07-09 (past),n/a — event is over,expire/retire,allevents.in,https://allevents.in/lake-havasu-city/10-year-anniversary-ribbon-cutting-river-valley-home-health-and-hospice/200030260151812,start 2026-07-09 < today 2026-07-13; still status=live (end=None)
past_dated_live,high,2af19abc-f44e-480f-8d42-5023bab0ac27,2026-07-09,Toptracer Range — Family Night Golf,Iron Wolf Golf & Country Club — Toptracer Range,date=2026-07-09 (past),n/a — event is over,expire/retire,ironwolfgcc.com,https://ironwolfgcc.com/toptracer/?occ=toptracer-wed-thu-2026-07-09,start 2026-07-09 < today 2026-07-13; still status=live (end=2026-07-09)
past_dated_live,high,309c1884-7ba7-4a37-a138-08792d3d43aa,2026-07-09,Bag Charm Making with Summer,SummeRay Wine Bar & Eatery,date=2026-07-09 (past),n/a — event is over,expire/retire,golakehavasu.com,https://www.golakehavasu.com/events/bag-charm-making-with-summer/,start 2026-07-09 < today 2026-07-13; still status=live (end=2026-07-09)
past_dated_live,high,66178f03-6d33-47d8-8388-78094082eba8,2026-07-09,BMX Local Race,Lake Havasu City BMX,date=2026-07-09 (past),n/a — event is over,expire/retire,usabmx.com,https://www.usabmx.com/events/639548,start 2026-07-09 < today 2026-07-13; still status=live (end=None)
past_dated_live,high,cf52c2e4-1c76-4fdf-a679-ea70fe98935e,2026-07-09,Elective Theatre Acoustic Duo,Lake Havasu,date=2026-07-09 (past),n/a — event is over,expire/retire,allevents.in,https://allevents.in/lake-havasu-city/elective-theatre-acoustic-duo/200030285069634,start 2026-07-09 < today 2026-07-13; still status=live (end=None)
past_dated_live,high,2984ee1b-86c0-45f9-a3b7-8786ba4c6062,2026-07-10,Pickleball Open Play,Mike Delaney Pickleball Complex at Dick Samp Park,date=2026-07-10 (past),n/a — event is over,expire/retire,lakehavasupickleball.com,https://www.lakehavasupickleball.com/calendar,start 2026-07-10 < today 2026-07-13; still status=live (end=2026-07-11)
past_dated_live,high,5896f0a8-042f-4c03-88cf-b6aeffd63078,2026-07-10,Fishing Fridays,Lake Havasu City Parks & Recreation,date=2026-07-10 (past),n/a — event is over,expire/retire,lhcaz.gov,https://www.lhcaz.gov/185/Parks-Recreation#cal|2026-07-10|fishing-fridays|06-00,start 2026-07-10 < today 2026-07-13; still status=live (end=2026-07-10)
past_dated_live,high,d4b3c95d-6131-4a44-a31f-e7d876db2ce7,2026-07-10,Pickleball Open Play,The Ark Center,date=2026-07-10 (past),n/a — event is over,expire/retire,lakehavasupickleball.com,https://www.lakehavasupickleball.com/calendar,start 2026-07-10 < today 2026-07-13; still status=live (end=2026-07-10)
past_dated_live,high,3dcfe24c-c872-445e-afd6-523bea0039dc,2026-07-10,Toptracer Range — Family Night Golf,Iron Wolf Golf & Country Club — Toptracer Range,date=2026-07-10 (past),n/a — event is over,expire/retire,ironwolfgcc.com,https://ironwolfgcc.com/toptracer/?occ=toptracer-fri-sat-2026-07-10,start 2026-07-10 < today 2026-07-13; still status=live (end=2026-07-10)
past_dated_live,high,42403965-cf27-4067-a21a-0339cfaf9fe6,2026-07-10,80HD - Avalon Nights Live,Lake Havasu,date=2026-07-10 (past),n/a — event is over,expire/retire,allevents.in,https://allevents.in/lake-havasu-city/80hd-avalon-nights-live/200030301539359,start 2026-07-10 < today 2026-07-13; still status=live (end=None)
past_dated_live,high,2e391f65-d9e0-4466-83ca-9dc49177eaf6,2026-07-10,Friday Pool Party at Iron Wolf,Iron Wolf GCC,date=2026-07-10 (past),n/a — event is over,expire/retire,ironwolfgcc.com,https://ironwolfgcc.com/,start 2026-07-10 < today 2026-07-13; still status=live (end=2026-07-10)
past_dated_live,high,33f9a9d5-8ac8-4905-9775-a7c15a10fffe,2026-07-10,Cosmic Bowling,Havasu Lanes,date=2026-07-10 (past),n/a — event is over,expire/retire,havasulanesaz.com,https://www.havasulanesaz.com/SPECIALS?occ=rock-and-bowl-2026-07-10,start 2026-07-10 < today 2026-07-13; still status=live (end=2026-07-10)
past_dated_live,high,ef8a25b3-eea4-4d8e-81c5-efc6ab4d12a4,2026-07-10,Grace Arts Live Presents Alice In Wonderland Jr.,2146 McCulloch Blvd,date=2026-07-10 (past),n/a — event is over,expire/retire,graceartslive.com,https://graceartslive.com/,start 2026-07-10 < today 2026-07-13; still status=live (end=2026-07-12)
past_dated_live,high,e30c969b-5ec2-4ec3-a5b6-ba8ee7ef0d8e,2026-07-11,Pickleball Open Play,Mike Delaney Pickleball Complex at Dick Samp Park,date=2026-07-11 (past),n/a — event is over,expire/retire,lakehavasupickleball.com,https://www.lakehavasupickleball.com/calendar,start 2026-07-11 < today 2026-07-13; still status=live (end=2026-07-12)
past_dated_live,high,4773cdfb-c9b3-4db5-8ddd-053d29636d5d,2026-07-11,Pickleball Open Play,The Ark Center,date=2026-07-11 (past),n/a — event is over,expire/retire,lakehavasupickleball.com,https://www.lakehavasupickleball.com/calendar,start 2026-07-11 < today 2026-07-13; still status=live (end=2026-07-11)
past_dated_live,high,462ad47f-5a61-4ca0-810a-f7d819b89779,2026-07-11,Lake Havasu Farmers Market,"2144 McCulloch Blvd N Lake Havasu City, AZ 86403",date=2026-07-11 (past),n/a — event is over,expire/retire,lakehavasufarmersmarket.com,https://www.lakehavasufarmersmarket.com/,start 2026-07-11 < today 2026-07-13; still status=live (end=2026-07-11)
past_dated_live,high,1de7d0a0-64d7-4647-bf43-972ba809d96e,2026-07-11,Toptracer Range — Family Night Golf,Iron Wolf Golf & Country Club — Toptracer Range,date=2026-07-11 (past),n/a — event is over,expire/retire,ironwolfgcc.com,https://ironwolfgcc.com/toptracer/?occ=toptracer-fri-sat-2026-07-11,start 2026-07-11 < today 2026-07-13; still status=live (end=2026-07-11)
past_dated_live,high,f40d29df-2d1a-4c41-a144-dc3eb2aca4aa,2026-07-11,Cosmic Bowling,Havasu Lanes,date=2026-07-11 (past),n/a — event is over,expire/retire,havasulanesaz.com,https://www.havasulanesaz.com/SPECIALS?occ=rock-and-bowl-2026-07-11,start 2026-07-11 < today 2026-07-13; still status=live (end=2026-07-11)
past_dated_live,high,3eb38156-1eeb-44d5-9f36-5a4d622584a4,2026-07-11,Glow in the Park — All Ages,Altitude Trampoline Park,date=2026-07-11 (past),n/a — event is over,expire/retire,altitudetrampolinepark.com,https://www.altitudetrampolinepark.com/locations/arizona/lake-havasu-city/5601-highway-95-n/?occ=altitude-glow-sat-2026-07-11,start 2026-07-11 < today 2026-07-13; still status=live (end=2026-07-11)
past_dated_live,high,08b2f736-e421-4db3-bb83-75127570709a,2026-07-11,Live music at Legendz,Legendz Sports Bar & Grill,date=2026-07-11 (past),n/a — event is over,expire/retire,golakehavasu.com,https://www.golakehavasu.com/events/live-music-at-legendz/,start 2026-07-11 < today 2026-07-13; still status=live (end=2026-07-11)
past_dated_live,high,da69eaba-cf00-42e9-81d4-0df1236cb85f,2026-07-12,Pickleball Open Play,Mike Delaney Pickleball Complex at Dick Samp Park,date=2026-07-12 (past),n/a — event is over,expire/retire,lakehavasupickleball.com,https://www.lakehavasupickleball.com/calendar,start 2026-07-12 < today 2026-07-13; still status=live (end=2026-07-13)
past_dated_live,high,9bd98fa2-5638-4a47-a01b-3c3cf892e56c,2026-07-12,Line Dancing,Lake Havasu City Parks & Recreation,date=2026-07-12 (past),n/a — event is over,expire/retire,lhcaz.gov,https://www.lhcaz.gov/185/Parks-Recreation#cal|2026-07-12|line-dancing|10-00,start 2026-07-12 < today 2026-07-13; still status=live (end=2026-07-12)
past_dated_live,high,fee283f6-987b-4d5e-af0c-42a10e23fd5a,2026-07-12,Toptracer Range — Family Night Golf,Iron Wolf Golf & Country Club — Toptracer Range,date=2026-07-12 (past),n/a — event is over,expire/retire,ironwolfgcc.com,https://ironwolfgcc.com/toptracer/?occ=toptracer-sun-2026-07-12,start 2026-07-12 < today 2026-07-13; still status=live (end=2026-07-12)
past_dated_live,high,8a7f358d-915a-4ed1-9a5f-5dcc69b0e328,2026-07-12,Havasis Free Swim Day,Lake Havasu,date=2026-07-12 (past),n/a — event is over,expire/retire,allevents.in,https://allevents.in/lake-havasu-city/havasis-free-swim-day/200029892971252,start 2026-07-12 < today 2026-07-13; still status=live (end=None)
past_dated_live,high,3ca92764-0db8-4994-8201-96eecb222bbe,2026-07-12,Briana Marie,Lake Havasu,date=2026-07-12 (past),n/a — event is over,expire/retire,allevents.in,https://allevents.in/lake-havasu-city/briana-marie/200030260151209,start 2026-07-12 < today 2026-07-13; still status=live (end=None)
wrong_date,high,9dd3a8af-7e11-455c-a692-cfe2d6c28994,2026-07-18,Toddler Time | Smiley Shark Story & Craft,Lake Havasu,2026-07-18,2026-07-17,quarantine,allevents.in,https://allevents.in/lake-havasu-city/toddler-time-|-smiley-shark-story-and-craft-|-lake-havasu/200030370289859,DATE_MISMATCH: source shows a different date [confirmed on recheck]
wrong_date,high,fad143e1-bb8d-4a6c-8950-3691efc833b7,2026-09-12,Cirque de Masquerade Charity Gala,Lake Havasu,2026-09-12,2026-09-11,quarantine,allevents.in,https://allevents.in/lake-havasu-city/cirque-de-masquerade-charity-gala/200030239776317,DATE_MISMATCH: source shows a different date [confirmed on recheck]
wrong_time,high,afc5a12d-1cc5-45a6-af3f-48e216bf5c7c,2026-08-28,Omega Combat 1: Genesis,Lake Havasu City Aquatic Center,lint:ampm_flip,,fix_time,golakehavasu.com,https://www.golakehavasu.com/events/omega-combat-1-genesis/,starts 00:00:00 — probable PM entered as AM
wrong_time,high,58f0902d-7c8c-473d-ae99-0a82270dadff,2026-09-11,Sleepless in Havasu,Michael Alan Furniture & Design,lint:ampm_flip,,fix_time,cancercareresource.com,https://cancercareresource.com/?fbclid=IwY2xjawSpSMJleHRuA2FlbQIxMABicmlkETFRb2k3Q1Y5QndrZzluZXFLc3J0YwZhcHBfaWQQMjIyMDM5MTc4ODIwMDg5MgABHsoXSqO2IcoNkAysFUbgRPf7TSKlXhrKKm4svwraFO_eiWmhR9yBlgV2NOMH_aem_kpi6EF17j3xfHUtQI-MYcA,starts 06:00:00 — probable PM entered as AM
wrong_time,high,e9743895-2335-428f-bb18-c9d1c8dc86f2,2026-09-11,Michael Alan Sleepless in Havasu,"Michael Alan Furniture and Design 2010 W. Acoma Blvd. Lake Havasu City, AZ.",lint:ampm_flip,,fix_time,facebook.com,https://www.facebook.com/profile.php?id=61564854114359,starts 06:00:00 — probable PM entered as AM
wrong_time,high,530ae81a-09ea-4ae3-ab62-5f0dc7110b3e,2026-09-25,Pro Watercross USA *Road to Havasu*,Lake Havasu State Park,lint:ampm_flip,,fix_time,prowatercross.com,https://prowatercross.com/,starts 00:00:00 — probable PM entered as AM
wrong_time,high,86cbd5f7-c21f-4f8f-8440-f8739a6c535f,2026-10-03,SBT IJSBA World Finals,Crazy Horse Campgrounds,lint:ampm_flip,,fix_time,ijsba.com,http://ijsba.com/,starts 00:00:00 — probable PM entered as AM
wrong_time,high,3be32e75-a7aa-4540-894a-e1ac2cc1908f,2026-10-03,IJSBA Short Block Technologies World Finals,"Crazy Horse Campground 1501 Beachcomber Blvd. Lake Havasu City, AZ. 86403",lint:ampm_flip,,fix_time,riverscenemagazine.com,https://riverscenemagazine.com/events/ijsba-short-block-technologies-world-finals,starts 06:00:00 — probable PM entered as AM
wrong_time,high,9ef124cd-69d5-4756-aacb-dbf288d9b254,2026-10-09,Havasu Halloween Festival with Kottonmouth Kings and Property Six,Lake Havasu City,lint:ampm_flip,,fix_time,allevents.in,https://allevents.in/lake-havasu-city/havasu-halloween-festival-with-kottonmouth-kings-and-property-six/200030039253439,starts 00:00:00 — probable PM entered as AM
wrong_time,high,5556de30-1532-48c4-9d98-d81a7014c1ee,2026-10-10,End of Summer Lake Cleanup,Havasu Riviera Marina,lint:ampm_flip,,fix_time,golakehavasu.com,https://www.golakehavasu.com/events/end-of-summer-lake-cleanup/,starts 07:00:00 — probable PM entered as AM
wrong_time,high,0e5cf483-3fdb-426f-9bd0-c256c0098605,2026-10-17,Lizard Peak Scramble Trail Runs,SARA Park,lint:ampm_flip,,fix_time,runsignup.com,https://runsignup.com/Race/AZ/LakeHavasuCity/LizardPeakTrailChallenge,starts 06:30:00 — probable PM entered as AM
wrong_time,high,2c736561-0684-4b43-ab60-d740c5da67af,2026-10-24,Lake Havasu Halloween Scream Baseball Tournament,Go Lake Havasu Visitor Center,lint:ampm_flip,,fix_time,ncscafarelli.com,https://www.ncscafarelli.com/arizona-youth-baseball-tournaments.html,starts 00:00:00 — probable PM entered as AM
wrong_time,high,9b1ff44a-cc22-4422-b3f6-75d23f89a3e0,2026-11-07,Havasu Heroes Memorial Golf Tournament,Lake Havasu Golf Club,lint:ampm_flip,,fix_time,golakehavasu.com,https://www.golakehavasu.com/events/havasu-heroes-memorial-golf-tournament/,starts 06:30:00 — probable PM entered as AM
wrong_time,high,741b4a89-06ca-429e-b6c3-f51984560988,2027-01-14,Shoreline to Skyline UTV Adventure,Lake Havasu,lint:ampm_flip,,fix_time,allevents.in,https://allevents.in/lake-havasu-city/shoreline-to-skyline-utv-adventure/200029989665740,starts 00:00:00 — probable PM entered as AM
wrong_time,high,1a5a3c81-00ea-45ed-84c9-cd3270507b86,2027-01-14,Buses by the Bridge,Lake Havasu State Park - Windsor 4,lint:ampm_flip,,fix_time,busesbythebridge.com,https://www.busesbythebridge.com/,starts 00:00:00 — probable PM entered as AM
wrong_time,high,c78f0b9b-80a1-48b1-8ede-b4cb221401dd,2027-02-06,2027 Winterfest Street Festival,Lake Havasu,lint:ampm_flip,,fix_time,allevents.in,https://allevents.in/lake-havasu-city/2027-winterfest-street-festival/200030060924355,starts 00:00:00 — probable PM entered as AM
wrong_time,high,87d4c113-ad5b-4d94-a2be-124ace9fcc31,2027-10-15,IWWF World Waterski Racing Titles,"Hosted by the Nautical Beachfront Resort, running is Thompson Bay.",lint:ampm_flip,,fix_time,nwsra.net,https://www.nwsra.net/,starts 00:00:00 — probable PM entered as AM
season_mismatch,medium,5556de30-1532-48c4-9d98-d81a7014c1ee,2026-10-10,End of Summer Lake Cleanup,Havasu Riviera Marina,lint:season_out_of_season,,review_date,golakehavasu.com,https://www.golakehavasu.com/events/end-of-summer-lake-cleanup/,title says Summer but the date is in month 10
season_mismatch,medium,29f1bd4c-dc8c-4910-afba-77aff8d97de1,2027-01-30,Lake Havasu Home & Garden Expo Spring Show,Lake Havasu Aquatic Center,lint:season_out_of_season,,review_date,lakehavasuhomeshow.com,https://www.lakehavasuhomeshow.com/,title says Spring but the date is in month 01
unreachable_source,medium,11f0f132-a705-4e64-83d7-0accd7b6e758,2026-07-13,Toptracer Range — Family Night Golf,Iron Wolf Golf & Country Club — Toptracer Range,https://ironwolfgcc.com/toptracer/?occ=toptracer-mon-2026-07-13,HTTP 502,review,ironwolfgcc.com,https://ironwolfgcc.com/toptracer/?occ=toptracer-mon-2026-07-13,UNREACHABLE: HTTP 502 (bot-block/transient — recheck)
unreachable_source,medium,c8086f94-6c64-4588-9296-b23fc088ad57,2026-07-15,Toptracer Range — Family Night Golf,Iron Wolf Golf & Country Club — Toptracer Range,https://ironwolfgcc.com/toptracer/?occ=toptracer-wed-thu-2026-07-15,HTTP 502,review,ironwolfgcc.com,https://ironwolfgcc.com/toptracer/?occ=toptracer-wed-thu-2026-07-15,UNREACHABLE: HTTP 502 (bot-block/transient — recheck)
unreachable_source,medium,bd997274-495d-4528-a4a1-c3a32780d7ea,2026-07-16,Toptracer Range — Family Night Golf,Iron Wolf Golf & Country Club — Toptracer Range,https://ironwolfgcc.com/toptracer/?occ=toptracer-wed-thu-2026-07-16,HTTP 502,review,ironwolfgcc.com,https://ironwolfgcc.com/toptracer/?occ=toptracer-wed-thu-2026-07-16,UNREACHABLE: HTTP 502 (bot-block/transient — recheck)
unreachable_source,medium,e13acce3-a25c-4bb8-9157-0e0f3e052282,2026-07-17,Toptracer Range — Family Night Golf,Iron Wolf Golf & Country Club — Toptracer Range,https://ironwolfgcc.com/toptracer/?occ=toptracer-fri-sat-2026-07-17,HTTP 502,review,ironwolfgcc.com,https://ironwolfgcc.com/toptracer/?occ=toptracer-fri-sat-2026-07-17,UNREACHABLE: HTTP 502 (bot-block/transient — recheck)
unreachable_source,medium,f8654bce-c86e-4727-b277-45f567aca7e1,2026-07-18,Lake Havasu Farmers Market,"2144 McCulloch Blvd N Lake Havasu City, AZ 86403",https://www.lakehavasufarmersmarket.com/,HTTP 429,review,lakehavasufarmersmarket.com,https://www.lakehavasufarmersmarket.com/,UNREACHABLE: HTTP 429 (bot-block/transient — recheck)
unreachable_source,medium,832e0d42-1661-4b06-99fc-5ef681016bdf,2026-07-18,Toptracer Range — Family Night Golf,Iron Wolf Golf & Country Club — Toptracer Range,https://ironwolfgcc.com/toptracer/?occ=toptracer-fri-sat-2026-07-18,HTTP 502,review,ironwolfgcc.com,https://ironwolfgcc.com/toptracer/?occ=toptracer-fri-sat-2026-07-18,UNREACHABLE: HTTP 502 (bot-block/transient — recheck)
unreachable_source,medium,bbe2ba0a-6dfd-42c5-b855-7ff43998a3ff,2026-07-19,Toptracer Range — Family Night Golf,Iron Wolf Golf & Country Club — Toptracer Range,https://ironwolfgcc.com/toptracer/?occ=toptracer-sun-2026-07-19,HTTP 502,review,ironwolfgcc.com,https://ironwolfgcc.com/toptracer/?occ=toptracer-sun-2026-07-19,UNREACHABLE: HTTP 502 (bot-block/transient — recheck)
unreachable_source,medium,1437fddc-d40a-4dcd-97be-04c47e89f0bc,2026-07-20,Toptracer Range — Family Night Golf,Iron Wolf Golf & Country Club — Toptracer Range,https://ironwolfgcc.com/toptracer/?occ=toptracer-mon-2026-07-20,HTTP 502,review,ironwolfgcc.com,https://ironwolfgcc.com/toptracer/?occ=toptracer-mon-2026-07-20,UNREACHABLE: HTTP 502 (bot-block/transient — recheck)
unreachable_source,medium,6e9951e4-1311-4aa9-af31-ef37642a6ef4,2026-07-22,Painting Class,Iron Wolf Golf and Country Club,https://www.ironwolfgcc.com/,HTTP 502,review,ironwolfgcc.com,https://www.ironwolfgcc.com/,UNREACHABLE: HTTP 502 (bot-block/transient — recheck)
unreachable_source,medium,ec88c7dd-d579-4ef9-89d9-785f996fa46d,2026-07-22,Toptracer Range — Family Night Golf,Iron Wolf Golf & Country Club — Toptracer Range,https://ironwolfgcc.com/toptracer/?occ=toptracer-wed-thu-2026-07-22,HTTP 502,review,ironwolfgcc.com,https://ironwolfgcc.com/toptracer/?occ=toptracer-wed-thu-2026-07-22,UNREACHABLE: HTTP 502 (bot-block/transient — recheck)
unreachable_source,medium,5dc06b61-9dde-4f35-a3f9-026d4dabab77,2026-07-23,Toptracer Range — Family Night Golf,Iron Wolf Golf & Country Club — Toptracer Range,https://ironwolfgcc.com/toptracer/?occ=toptracer-wed-thu-2026-07-23,HTTP 502,review,ironwolfgcc.com,https://ironwolfgcc.com/toptracer/?occ=toptracer-wed-thu-2026-07-23,UNREACHABLE: HTTP 502 (bot-block/transient — recheck)
unreachable_source,medium,4043d0b6-3d2f-4835-8003-f94622cb0bca,2026-07-24,Toptracer Range — Family Night Golf,Iron Wolf Golf & Country Club — Toptracer Range,https://ironwolfgcc.com/toptracer/?occ=toptracer-fri-sat-2026-07-24,HTTP 502,review,ironwolfgcc.com,https://ironwolfgcc.com/toptracer/?occ=toptracer-fri-sat-2026-07-24,UNREACHABLE: HTTP 502 (bot-block/transient — recheck)
unreachable_source,medium,f8ec414b-e56f-4e7f-bd95-89e4737d363c,2026-07-25,Toptracer Range — Family Night Golf,Iron Wolf Golf & Country Club — Toptracer Range,https://ironwolfgcc.com/toptracer/?occ=toptracer-fri-sat-2026-07-25,HTTP 502,review,ironwolfgcc.com,https://ironwolfgcc.com/toptracer/?occ=toptracer-fri-sat-2026-07-25,UNREACHABLE: HTTP 502 (bot-block/transient — recheck)
unreachable_source,medium,f910ac63-1cbc-4ac0-848c-d953fc35fefd,2026-07-26,Toptracer Range — Family Night Golf,Iron Wolf Golf & Country Club — Toptracer Range,https://ironwolfgcc.com/toptracer/?occ=toptracer-sun-2026-07-26,HTTP 502,review,ironwolfgcc.com,https://ironwolfgcc.com/toptracer/?occ=toptracer-sun-2026-07-26,UNREACHABLE: HTTP 502 (bot-block/transient — recheck)
unreachable_source,medium,4caac53b-5628-4406-8a11-17fe347d690a,2026-07-27,Toptracer Range — Family Night Golf,Iron Wolf Golf & Country Club — Toptracer Range,https://ironwolfgcc.com/toptracer/?occ=toptracer-mon-2026-07-27,HTTP 502,review,ironwolfgcc.com,https://ironwolfgcc.com/toptracer/?occ=toptracer-mon-2026-07-27,UNREACHABLE: HTTP 502 (bot-block/transient — recheck)
unreachable_source,medium,3b3fa7dc-22dc-4086-ba35-25931d51f4b7,2026-07-29,Toptracer Range — Family Night Golf,Iron Wolf Golf & Country Club — Toptracer Range,https://ironwolfgcc.com/toptracer/?occ=toptracer-wed-thu-2026-07-29,HTTP 502,review,ironwolfgcc.com,https://ironwolfgcc.com/toptracer/?occ=toptracer-wed-thu-2026-07-29,UNREACHABLE: HTTP 502 (bot-block/transient — recheck)
unreachable_source,medium,a3c854ba-e676-493c-b915-7770b4b741a7,2026-07-30,First Day of School LHUSD 2026,Lake Havasu,https://www.lhusd.org/page/academiccalendars,HTTP 403,review,lhusd.org,https://www.lhusd.org/page/academiccalendars,UNREACHABLE: HTTP 403 (bot-block/transient — recheck)
unreachable_source,medium,9e0d9ca3-46d5-4125-b68b-b28a50ccd55a,2026-07-30,Toptracer Range — Family Night Golf,Iron Wolf Golf & Country Club — Toptracer Range,https://ironwolfgcc.com/toptracer/?occ=toptracer-wed-thu-2026-07-30,HTTP 502,review,ironwolfgcc.com,https://ironwolfgcc.com/toptracer/?occ=toptracer-wed-thu-2026-07-30,UNREACHABLE: HTTP 502 (bot-block/transient — recheck)
unreachable_source,medium,1f9bb10a-e32a-4335-8011-1126cfdd67ba,2026-07-31,Toptracer Range — Family Night Golf,Iron Wolf Golf & Country Club — Toptracer Range,https://ironwolfgcc.com/toptracer/?occ=toptracer-fri-sat-2026-07-31,HTTP 502,review,ironwolfgcc.com,https://ironwolfgcc.com/toptracer/?occ=toptracer-fri-sat-2026-07-31,UNREACHABLE: HTTP 502 (bot-block/transient — recheck)
unreachable_source,medium,d58c7fe1-4970-4030-a3f1-58bbe26494aa,2026-08-01,Toptracer Range — Family Night Golf,Iron Wolf Golf & Country Club — Toptracer Range,https://ironwolfgcc.com/toptracer/?occ=toptracer-fri-sat-2026-08-01,HTTP 502,review,ironwolfgcc.com,https://ironwolfgcc.com/toptracer/?occ=toptracer-fri-sat-2026-08-01,UNREACHABLE: HTTP 502 (bot-block/transient — recheck)
unreachable_source,medium,bdbce6b6-cdab-4681-a187-8a28721598c4,2026-08-02,Toptracer Range — Family Night Golf,Iron Wolf Golf & Country Club — Toptracer Range,https://ironwolfgcc.com/toptracer/?occ=toptracer-sun-2026-08-02,HTTP 502,review,ironwolfgcc.com,https://ironwolfgcc.com/toptracer/?occ=toptracer-sun-2026-08-02,UNREACHABLE: HTTP 502 (bot-block/transient — recheck)
unreachable_source,medium,af57d6ce-b5cc-4dee-9565-ef68d1729dc2,2026-08-03,Toptracer Range — Family Night Golf,Iron Wolf Golf & Country Club — Toptracer Range,https://ironwolfgcc.com/toptracer/?occ=toptracer-mon-2026-08-03,HTTP 502,review,ironwolfgcc.com,https://ironwolfgcc.com/toptracer/?occ=toptracer-mon-2026-08-03,UNREACHABLE: HTTP 502 (bot-block/transient — recheck)
unreachable_source,medium,5446383b-10d1-434b-97a6-cbbde96326d6,2026-08-05,Toptracer Range — Family Night Golf,Iron Wolf Golf & Country Club — Toptracer Range,https://ironwolfgcc.com/toptracer/?occ=toptracer-wed-thu-2026-08-05,HTTP 502,review,ironwolfgcc.com,https://ironwolfgcc.com/toptracer/?occ=toptracer-wed-thu-2026-08-05,UNREACHABLE: HTTP 502 (bot-block/transient — recheck)
unreachable_source,medium,bb2bdacd-533d-4a43-8d2c-34a0a6d84b40,2026-08-06,Toptracer Range — Family Night Golf,Iron Wolf Golf & Country Club — Toptracer Range,https://ironwolfgcc.com/toptracer/?occ=toptracer-wed-thu-2026-08-06,HTTP 502,review,ironwolfgcc.com,https://ironwolfgcc.com/toptracer/?occ=toptracer-wed-thu-2026-08-06,UNREACHABLE: HTTP 502 (bot-block/transient — recheck)
unreachable_source,medium,365508bd-516c-4b3d-b3d4-a5a4afab5bed,2026-08-07,Toptracer Range — Family Night Golf,Iron Wolf Golf & Country Club — Toptracer Range,https://ironwolfgcc.com/toptracer/?occ=toptracer-fri-sat-2026-08-07,HTTP 502,review,ironwolfgcc.com,https://ironwolfgcc.com/toptracer/?occ=toptracer-fri-sat-2026-08-07,UNREACHABLE: HTTP 502 (bot-block/transient — recheck)
unreachable_source,medium,25378fa1-e822-4176-b789-b16de0070dfd,2026-09-17,Mohave County Fair,Mohave County Fairgroumds,https://parks.mohave.gov/fairgrounds/annual-county-fair/,HTTP 403,review,parks.mohave.gov,https://parks.mohave.gov/fairgrounds/annual-county-fair/,UNREACHABLE: HTTP 403 (bot-block/transient — recheck)
unreachable_source,medium,0d3ddb50-3fdb-4f06-896e-1f2dc9082a07,2026-12-05,Lake Havasu Farmers Market,"2144 McCulloch Blvd N Lake Havasu City, AZ 86403",https://www.lakehavasufarmersmarket.com/,HTTP 429,review,lakehavasufarmersmarket.com,https://www.lakehavasufarmersmarket.com/,UNREACHABLE: HTTP 429 (bot-block/transient — recheck)
unreachable_source,medium,0161685a-b50f-4462-b011-61a719c10667,2026-12-12,Lake Havasu Farmers Market,"2144 McCulloch Blvd N Lake Havasu City, AZ 86403",https://www.lakehavasufarmersmarket.com/,HTTP 429,review,lakehavasufarmersmarket.com,https://www.lakehavasufarmersmarket.com/,UNREACHABLE: HTTP 429 (bot-block/transient — recheck)
unreachable_source,medium,cc8fa82f-cf67-4d15-9931-c83aeca54bd5,2026-12-12,Parade of Lights,Bridgewater Channel @ London Bridge,https://www.lakehavasuparadeoflights.com/,HTTP 429,review,lakehavasuparadeoflights.com,https://www.lakehavasuparadeoflights.com/,UNREACHABLE: HTTP 429 (bot-block/transient — recheck)
unreachable_source,medium,b65d90b3-1984-470c-b8f3-fc76b67b492b,2026-12-12,Boat Parade of Lights,Bridgewater Channel @ London Bridge,https://www.lakehavasuparadeoflights.com/,HTTP 429,review,lakehavasuparadeoflights.com,https://www.lakehavasuparadeoflights.com/,UNREACHABLE: HTTP 429 (bot-block/transient — recheck)
unreachable_source,medium,6d0ae3e5-caf5-4776-adfd-45a6b962c14c,2026-12-19,Lake Havasu Farmers Market,"2144 McCulloch Blvd NLake Havas City, AZ 86403",https://www.lakehavasufarmersmarket.com/,HTTP 429,review,lakehavasufarmersmarket.com,https://www.lakehavasufarmersmarket.com/,UNREACHABLE: HTTP 429 (bot-block/transient — recheck)
unreachable_source,medium,84720ec6-c5ae-411c-95c2-a2a74a678e70,2026-12-26,Lake Havasu Farmers Market,"2144 McCulloch Blvd N Lake Havasu City, AZ 86403",https://www.lakehavasufarmersmarket.com/,HTTP 429,review,lakehavasufarmersmarket.com,https://www.lakehavasufarmersmarket.com/,UNREACHABLE: HTTP 429 (bot-block/transient — recheck)
unreachable_source,medium,1a5a3c81-00ea-45ed-84c9-cd3270507b86,2027-01-14,Buses by the Bridge,Lake Havasu State Park - Windsor 4,https://www.busesbythebridge.com/,HTTP 429,review,busesbythebridge.com,https://www.busesbythebridge.com/,UNREACHABLE: HTTP 429 (bot-block/transient — recheck)
unreachable_source,medium,897a82e4-99fe-453d-b2d6-f188d75d2479,2027-02-25,Havasu Hot Rodz Car Show,Various locations including Rotary Park,https://www.havasuhotrodz.com/,HTTP 429,review,havasuhotrodz.com,https://www.havasuhotrodz.com/,UNREACHABLE: HTTP 429 (bot-block/transient — recheck)
unreachable_source,medium,77a6825b-e229-4554-958e-52244832b02c,2027-03-19,2nd Annual ToonFest,Havasu Riviera Marina,https://www.toonfestusa.com/,HTTP 502,review,toonfestusa.com,https://www.toonfestusa.com/,UNREACHABLE: HTTP 502 (bot-block/transient — recheck)
unreachable_source,medium,a5d12641-4905-40e0-9d64-73fe21b2ba6b,2027-04-22,Anderson Powersports Desert Storm,Downtown Havasu District (Main Street),https://www.desertstormlhc.com/,HTTP 429,review,desertstormlhc.com,https://www.desertstormlhc.com/,UNREACHABLE: HTTP 429 (bot-block/transient — recheck)
unreachable_source,medium,b1c23d00-80f3-447b-a223-6fa71cdefc76,2027-04-23,Anderson Powersports Desert Storm,Bridgewater Channel @ London Bridge,https://www.desertstormlhc.com/event-details-registration/go-lake-havasu-parade-of-power-26,HTTP 429,review,desertstormlhc.com,https://www.desertstormlhc.com/event-details-registration/go-lake-havasu-parade-of-power-26,UNREACHABLE: HTTP 429 (bot-block/transient — recheck)
unreachable_source,medium,b09768ef-85e1-41b9-80b1-51c9d2cb7c54,2027-04-24,Anderson Powersports Desert Storm,Site Six Fishing Pier,https://www.desertstormlhc.com/,HTTP 429,review,desertstormlhc.com,https://www.desertstormlhc.com/,UNREACHABLE: HTTP 429 (bot-block/transient — recheck)
wrong_time,medium,66ad5275-9c79-4713-a416-b468eb8758d3,2026-07-31,Crosscutt at The Flying X Saloon,Flying X Saloon,20:00,20:30,fix_time,allevents.in,https://allevents.in/lake-havasu-city/crosscutt-at-the-flying-x-saloon-friday-july-31st-2026/200030130286857,TIME_MISMATCH: source shows a different start time
wrong_time,medium,29e9105e-b901-4606-ab5d-bcd3b3ced3c2,2026-08-01,Crosscutt at the Flying X Saloon,Flying X Saloon,20:00,20:30,fix_time,allevents.in,https://allevents.in/lake-havasu-city/crosscutt-at-the-flying-x-saloon-saturday-august-1st-2026/200030011520534,TIME_MISMATCH: source shows a different start time
wrong_time,medium,0e5cf483-3fdb-426f-9bd0-c256c0098605,2026-10-17,Lizard Peak Scramble Trail Runs,SARA Park,06:30,06:45,fix_time,runsignup.com,https://runsignup.com/Race/AZ/LakeHavasuCity/LizardPeakTrailChallenge,TIME_MISMATCH: source shows a different start time
wrong_time,medium,741b4a89-06ca-429e-b6c3-f51984560988,2027-01-14,Shoreline to Skyline UTV Adventure,Lake Havasu,00:00,18:00,fix_time,allevents.in,https://allevents.in/lake-havasu-city/shoreline-to-skyline-utv-adventure/200029989665740,TIME_MISMATCH: source shows a different start time
wrong_venue,medium,c26f0760-45f9-49ac-8a9d-216607509360,2026-08-02,Yoga Nidra & Sound Bath Supporting DF2FM,Lake Havasu,Lake Havasu,Llamaste Yoga and Healing,review_venue,allevents.in,https://allevents.in/lake-havasu-city/yoga-nidra-and-sound-bath-supporting-df2fm/200030260153130,VENUE_MISMATCH: source names a different venue
wrong_venue,medium,aafdf8f4-f0c2-4868-8a99-218b95a282ea,2026-08-08,Water Ballon War,Lake Havasu,Lake Havasu,Rotary Park,review_venue,allevents.in,https://allevents.in/lake-havasu-city/water-ballon-war/200030343830349,VENUE_MISMATCH: source names a different venue
wrong_venue,medium,78849908-5a31-4e38-a6f6-8bcf68e5211b,2026-08-14,Girls Night In,Lake Havasu,Lake Havasu,Southside District,review_venue,allevents.in,https://allevents.in/lake-havasu-city/girls-night-in/200030364096124,VENUE_MISMATCH: source names a different venue
wrong_venue,medium,94a5afe5-e691-4086-8cc2-aff636addecd,2026-10-10,Parade of Homes,Go Lake Havasu Visitor Center,lint:landmark_venue_mismatch,,review_venue,havasuchamber.com,https://www.havasuchamber.com/,venue is the visitor-center placeholder; description names 'HavasuChamber'
wrong_venue,medium,d113e223-fab7-416b-9485-cfaabbbf5048,2026-10-24,LHHS Class of 2016's 10 Year Reunion,Lake Havasu,Lake Havasu,Mudshark Brewery and Public House,review_venue,allevents.in,https://allevents.in/lake-havasu-city/lhhs-class-of-2016s-10-year-reunion/100001990660275471,VENUE_MISMATCH: source names a different venue
title_quality,low,1f30b11d-255e-4ddf-b758-9ee986acb38c,2026-07-24,HAVASIS CHAT & CRAFT,"Montana Steak House 3301 Maricopa Avenue Lake Havasu City, AZ",lint:allcaps_title,,fix_title,havasis.org,https://havasis.org/,title is ALL-CAPS — normalize casing
title_quality,low,1d657f64-c08d-4177-9d86-8711d5727bad,2026-08-20,HAVASIS END OF SUMMER LUNCH,Montana's Steak House 3301 Maricopa Avenue,lint:allcaps_title,,fix_title,havasis.org,https://havasis.org/,title is ALL-CAPS — normalize casing
title_quality,low,20f041d7-7575-45df-96a4-c4d8dac4b382,2026-11-06,HAVASU HEROES COUNTRY MUSIC FESTIVAL FEATURING MATT FARRIS,Lake Havasu,lint:allcaps_title,,fix_title,allevents.in,https://allevents.in/lake-havasu-city/havasu-heroes-country-music-festival-featuring-matt-farris/100001987316702755,title is ALL-CAPS — normalize casing
unverifiable_source,low,c255d8cb-7d0e-42f5-ab0e-b0ebfabb279c,2026-07-13,Summer Free Movies “Teenage Mutant Ninja Turtles Mutant Mayhem” Star Cinemas,"Star Cinemas 5601 Highway 95, Lake Havasu City",2026-07-13 09:30,,review,riverscenemagazine.com,https://riverscenemagazine.com/events/summer-free-movies-teenage-mutant-ninja-turtles-mutant-mayhem-star-cinemas/,UNVERIFIABLE: 200 but no Event schema to compare
unverifiable_source,low,7581d68f-80d6-4d3f-88c6-5291c92fbf23,2026-07-14,City Council Meeting,Council Chambers,2026-07-14 17:30,,review,legistar1.granicus.com,https://legistar1.granicus.com/lakehavasucity/meetings/2026/7/2325_A_City_Council_26-07-14_Regular_Meeting_Agenda.pdf,UNVERIFIABLE: 200 but no Event schema to compare
unverifiable_source,low,9564c493-5ee0-4c74-9511-60a348ec225e,2026-07-15,Planning and Zoning Commission Meeting,Council Chambers,2026-07-15 09:00,,review,legistar1.granicus.com,https://legistar1.granicus.com/lakehavasucity/meetings/2026/7/2331_A_Planning_and_Zoning_Commission_26-07-15_Regular_Meeting_Agenda.pdf,UNVERIFIABLE: 200 but no Event schema to compare
unverifiable_source,low,6271815e-9e6a-4e04-af0f-48b6373c8fe2,2026-07-16,July After Hours Mixer,Go Lake Havasu Visitor Center,2026-07-16 17:00,,review,business.havasuchamber.com,https://business.havasuchamber.com/community-event-calendar,UNVERIFIABLE: 200 but no Event schema to compare
unverifiable_source,low,77daddea-b18d-4edf-bd18-cb88533001ff,2026-07-18,Back to School Health Fair,Lake Havasu Aquatic Center,2026-07-18 08:00,,review,havasucommunityhealthfoundation.org,https://havasucommunityhealthfoundation.org/events,UNVERIFIABLE: 200 but no Event schema to compare
unverifiable_source,low,9d9e3c48-f56d-48b8-b283-0f062d0b3d2c,2026-07-18,5th Annual Kiwanis Krazy Bowling Tournament,Havasu Lanes,2026-07-18 11:00,,review,kiwanislhc.com,https://kiwanislhc.com/events,UNVERIFIABLE: 200 but no Event schema to compare
unverifiable_source,low,9663189e-d7e7-4d7e-a529-984885fcffa3,2026-07-22,Board of Adjustment Meeting,Lake Havasu City,2026-07-22 09:00,,review,lakehavasucity.legistar.com,https://lakehavasucity.legistar.com/MeetingDetail.aspx?LEGID=2334&GID=369&G=5AEAF673-D725-4019-8991-F827FA6D56B6,UNVERIFIABLE: 200 but no Event schema to compare
unverifiable_source,low,62e1d034-f509-4cc3-8f78-ad072b08794d,2026-07-28,First Day of School For Calvary Christian Academy 2026,"McCulloch Campus: Kindergarten-5th Grade 1605 McCulloch Blvd, S Lake Havasu City, AZ 86406/ Arapaho Campus: 6th-12th-3045 Arapaho Dr Lake. Havasu City",2026-07-28 08:00,,review,ccahavasu.com,https://www.ccahavasu.com/contact,UNVERIFIABLE: 200 but no Event schema to compare
unverifiable_source,low,d31ce80b-71ea-47d8-b53f-84dd99c21a05,2026-08-08,StreetHearts Water Balloon War,Rotary Park,2026-08-08 08:00,,review,streetheartsministry.com,https://www.streetheartsministry.com/about,UNVERIFIABLE: 200 but no Event schema to compare
unverifiable_source,low,a7a790bb-8afe-481c-8142-683770c0696c,2026-08-12,Board of Adjustment Meeting,Lake Havasu City,2026-08-12 09:00,,review,lakehavasucity.legistar.com,https://lakehavasucity.legistar.com/MeetingDetail.aspx?LEGID=2340&GID=369&G=5AEAF673-D725-4019-8991-F827FA6D56B6,UNVERIFIABLE: 200 but no Event schema to compare
unverifiable_source,low,ee646528-5766-4af4-8d80-290fe95f2daa,2026-08-21,Celebrate Our Seniors: Ice Cream Social,Lake Havasu Senior Center,2026-08-21 11:45,,review,lakehavasuseniorcenter.com,https://lakehavasuseniorcenter.com/current-events,UNVERIFIABLE: 200 but no Event schema to compare
unverifiable_source,low,9a721c7e-861e-4efb-b9cb-796c4003704b,2026-08-26,Board of Adjustment Meeting,Lake Havasu City,2026-08-26 09:00,,review,lakehavasucity.legistar.com,https://lakehavasucity.legistar.com/MeetingDetail.aspx?LEGID=2341&GID=369&G=5AEAF673-D725-4019-8991-F827FA6D56B6,UNVERIFIABLE: 200 but no Event schema to compare
unverifiable_source,low,d74c96e6-e682-445f-b9bd-640af844f3a0,2026-09-05,Havasu All Abilities Resource Fair,Lake Havasu City Aquatic Center,2026-09-05 (all-day),,review,riverscenemagazine.com,https://riverscenemagazine.com/fair/,UNVERIFIABLE: 200 but no Event schema to compare
unverifiable_source,low,e1db2fd3-46a1-43b5-a63c-ddceacef8032,2026-09-05,All Abilities Resource Fair,Aquatic Center,2026-09-05 09:00,,review,riverscenemagazine.com,https://riverscenemagazine.com/fair/#learmore,UNVERIFIABLE: 200 but no Event schema to compare
unverifiable_source,low,e9743895-2335-428f-bb18-c9d1c8dc86f2,2026-09-11,Michael Alan Sleepless in Havasu,"Michael Alan Furniture and Design 2010 W. Acoma Blvd. Lake Havasu City, AZ.",2026-09-11 06:00,,review,facebook.com,https://www.facebook.com/profile.php?id=61564854114359,UNVERIFIABLE: 200 but no Event schema to compare
unverifiable_source,low,3cfc0ebd-5f08-4fdc-a5fc-b4f0eef0036f,2026-09-11,9/11 Ceremony,"London Bridge Beach 1340 McCulloch Blvd. N Lake Havasu City, AZ",2026-09-11 08:15,,review,riverscenemagazine.com,https://riverscenemagazine.com/events/9-11-ceremony-4/,UNVERIFIABLE: 200 but no Event schema to compare
unverifiable_source,low,c4c58b53-d9e1-46fc-966b-d9375373053e,2026-09-11,Cirque De Masquerade Don’t Be Greedy Gala,"London Bridge Resort Convention Center 1477 Queen's Bay Lake Havasu City, AZ",2026-09-11 18:15,,review,facebook.com,https://www.facebook.com/events/983512637893999,UNVERIFIABLE: 200 but no Event schema to compare
unverifiable_source,low,3cd6227f-58fa-4d71-b4bb-d2678481e277,2026-09-25,Grace Arts Live 20th Anniversary Event,2146 McCulloch Blvd,2026-09-25 19:30,,review,riverscenemagazine.com,https://riverscenemagazine.com/events/grace-arts-live-20th-anniversary-event/,UNVERIFIABLE: 200 but no Event schema to compare
unverifiable_source,low,ced638fb-cef0-4542-9bc6-4eee17eb2f93,2026-09-27,Gold Star Moms Ceremony,"Wheeler Park 1801 McCulloch Blvd. Lake Havasu City, AZ.",2026-09-27 18:30,,review,riverscenemagazine.com,https://riverscenemagazine.com/events/gold-star-moms-ceremony-2/,UNVERIFIABLE: 200 but no Event schema to compare
unverifiable_source,low,06c8e5fd-eb20-4a08-b7b0-66f9b35b598d,2026-10-01,DCB Regatta 2026,London Bridge Resort,2026-10-01 12:00,,review,dcbperformancemarine.com,https://dcbperformancemarine.com/news/,UNVERIFIABLE: 200 but no Event schema to compare
unverifiable_source,low,3be32e75-a7aa-4540-894a-e1ac2cc1908f,2026-10-03,IJSBA Short Block Technologies World Finals,"Crazy Horse Campground 1501 Beachcomber Blvd. Lake Havasu City, AZ. 86403",2026-10-03 06:00,,review,riverscenemagazine.com,https://riverscenemagazine.com/events/ijsba-short-block-technologies-world-finals,UNVERIFIABLE: 200 but no Event schema to compare
unverifiable_source,low,9ef124cd-69d5-4756-aacb-dbf288d9b254,2026-10-09,Havasu Halloween Festival with Kottonmouth Kings and Property Six,Lake Havasu City,2026-10-09 00:00,,review,allevents.in,https://allevents.in/lake-havasu-city/havasu-halloween-festival-with-kottonmouth-kings-and-property-six/200030039253439,UNVERIFIABLE: 200 but no Event schema to compare
unverifiable_source,low,51d8da32-86e8-44fc-8dca-0d06d276de9e,2026-10-10,Twisted Patriotic Poker Run,R Bar,2026-10-10 12:00,,review,havasis.org,https://havasis.org/upcoming-events/,UNVERIFIABLE: 200 but no Event schema to compare
unverifiable_source,low,1f3f0996-71f5-469c-8174-a075d45df331,2026-10-20,Pineapple Races - Octoberfest Edition,Rotary Beach,2026-10-20 16:00,,review,business.havasuchamber.com,https://business.havasuchamber.com/main-calendar/Details/2026-pineapple-races-1724134?sourceTypeId=EmailInvitation,UNVERIFIABLE: 200 but no Event schema to compare
unverifiable_source,low,2b70af65-182e-44b7-b85f-13f331215733,2026-10-22,Run to the Sun,"Bridgewater Links Golf Course 1477 Queen's Bay Lake Havasu City, AZ",2026-10-22 14:00,,review,riverscenemagazine.com,https://riverscenemagazine.com/events/run-to-the-sun-4/,UNVERIFIABLE: 200 but no Event schema to compare
unverifiable_source,low,dd72255f-e910-4b8c-95e4-6fc2a82d808b,2026-10-22,Taste of Havasu 2026,Sara Park Rodeo Grounds,2026-10-22 16:30,,review,k12foundation.org,https://www.k12foundation.org/taste-of-havasu,UNVERIFIABLE: 200 but no Event schema to compare
unverifiable_source,low,2c736561-0684-4b43-ab60-d740c5da67af,2026-10-24,Lake Havasu Halloween Scream Baseball Tournament,Go Lake Havasu Visitor Center,2026-10-24 00:00,,review,ncscafarelli.com,https://www.ncscafarelli.com/arizona-youth-baseball-tournaments.html,UNVERIFIABLE: 200 but no Event schema to compare
unverifiable_source,low,718ca79a-d269-405c-abeb-45083c874b73,2026-12-04,Desert Bash Off Road Poker Run,"Standard Wash near Mile Marker 173 (off of AZ Highway 95, about three miles south of SARA Park)",2026-12-04 10:00,,review,l.facebook.com,https://l.facebook.com/l.php?u=https%3A%2F%2Fwww.havasuchamber.com%2Fdesert-bash-off-road-poker-run%2F%3Ffbclid%3DIwZXh0bgNhZW0CMTAAYnJpZBExblladjZmWUVpNU8ydGpTUQEeNd-A6xU5bDNqmB_ojjQJEgOZyR8Nl46PkxiM36jjC4FsnV7qiPQ6w6hfm1w_aem_FnqbKhbnIavblhboxRTC3A&h=AT3eXk8rKyc6do4jELLbpHs7G26Wk-c7bXaWJ4NUf20zqAScie1RrE3HoVmhX49VV2z1wIzReaOQHk8UV8OqoickcEAySF9HVs-f60Fs5Zfz4-nO75vCJMMlNn38SQSx5VZzxcyjHXA,UNVERIFIABLE: 200 but no Event schema to compare
unverifiable_source,low,970dd4e0-d725-4aa4-bfb7-8b3384e00e9b,2027-01-30,Delbert Days and GCPRA Rodeo,"Rodeo Grounds 7206 Dub Campbell Parkway Lake Havasu City, AZ.",2027-01-30 (all-day),,review,havasurodeo.com,https://havasurodeo.com/rodeo-1,UNVERIFIABLE: 200 but no Event schema to compare
unverifiable_source,low,c78f0b9b-80a1-48b1-8ede-b4cb221401dd,2027-02-06,2027 Winterfest Street Festival,Lake Havasu,2027-02-06 00:00,,review,allevents.in,https://allevents.in/lake-havasu-city/2027-winterfest-street-festival/200030060924355,UNVERIFIABLE: 200 but no Event schema to compare
unverifiable_source,low,b7df9692-f39b-4591-88d7-59df5e38d9a1,2027-02-06,41st Annual Winterfest Street Festival,Downtown District,2027-02-06 09:00,,review,havasuchamber.com,https://www.havasuchamber.com/56542-2/,UNVERIFIABLE: 200 but no Event schema to compare
venue_quality,low,f8654bce-c86e-4727-b277-45f567aca7e1,2026-07-18,Lake Havasu Farmers Market,"2144 McCulloch Blvd N Lake Havasu City, AZ 86403",lint:generic_venue,,review_venue,lakehavasufarmersmarket.com,https://www.lakehavasufarmersmarket.com/,"venue '2144 McCulloch Blvd N Lake Havasu City, AZ 86403' is a bare street address, not a named place"
venue_quality,low,bff73b60-9c22-40c4-a012-17b0bbcbb9bb,2026-07-24,Grace Arts Live Presents Alice In Wonderland Jr.,2146 McCulloch Blvd,lint:generic_venue,,review_venue,graceartslive.com,https://graceartslive.com/,"venue '2146 McCulloch Blvd' is a bare street address, not a named place"
venue_quality,low,d04d0a85-01ef-4486-9b71-9c14afaaaed1,2026-07-25,Lake Havasu Farmers Market,"2144 McCulloch Blvd N Lake Havasu City, AZ 86403",lint:generic_venue,,review_venue,lakehavasufarmersmarket.com,https://www.lakehavasufarmersmarket.com/,"venue '2144 McCulloch Blvd N Lake Havasu City, AZ 86403' is a bare street address, not a named place"
venue_quality,low,e85d693d-a58b-459d-afbe-4e3dd419a038,2026-08-01,Lake Havasu Farmers Market,"2144 McCulloch Blvd N Lake Havasu City, AZ 86403",lint:generic_venue,,review_venue,lakehavasufarmersmarket.com,https://www.lakehavasufarmersmarket.com/,"venue '2144 McCulloch Blvd N Lake Havasu City, AZ 86403' is a bare street address, not a named place"
venue_quality,low,2f45c788-fef4-4005-a686-8f0667d779ad,2026-08-08,Lake Havasu Farmers Market,"2144 McCulloch Blvd N Lake Havasu City, AZ 86403",lint:generic_venue,,review_venue,lakehavasufarmersmarket.com,https://www.lakehavasufarmersmarket.com/,"venue '2144 McCulloch Blvd N Lake Havasu City, AZ 86403' is a bare street address, not a named place"
venue_quality,low,69a9a0d8-a202-4599-896e-ee8d86bde55d,2026-08-15,Lake Havasu Farmers Market,"2144 McCulloch Blvd N Lake Havasu City, AZ 86403",lint:generic_venue,,review_venue,lakehavasufarmersmarket.com,https://www.lakehavasufarmersmarket.com/,"venue '2144 McCulloch Blvd N Lake Havasu City, AZ 86403' is a bare street address, not a named place"
venue_quality,low,60c183e0-c99d-4218-b852-b31bf80661d9,2026-08-22,Lake Havasu Farmers Market,"2144 McCulloch Blvd N Lake Havasu City, AZ 86403",lint:generic_venue,,review_venue,lakehavasufarmersmarket.com,https://www.lakehavasufarmersmarket.com/,"venue '2144 McCulloch Blvd N Lake Havasu City, AZ 86403' is a bare street address, not a named place"
venue_quality,low,66927f67-028f-4848-b037-1cd145c603f9,2026-08-29,Lake Havasu Farmers Market,"2144 McCulloch Blvd N Lake Havasu City, AZ 86403",lint:generic_venue,,review_venue,lakehavasufarmersmarket.com,https://www.lakehavasufarmersmarket.com/,"venue '2144 McCulloch Blvd N Lake Havasu City, AZ 86403' is a bare street address, not a named place"
venue_quality,low,e81447e5-434f-4270-98c2-3c90911aab3a,2026-09-05,Lake Havasu Farmers Market,"2144 McCulloch Blvd N Lake Havasu City, AZ 86403",lint:generic_venue,,review_venue,lakehavasufarmersmarket.com,https://www.lakehavasufarmersmarket.com/,"venue '2144 McCulloch Blvd N Lake Havasu City, AZ 86403' is a bare street address, not a named place"
venue_quality,low,958dcf50-ad32-4d11-9415-6fbcdd9e26d8,2026-09-11,Grace Arts Live Presents Trolls The Musical Jr.,2146 McCulloch Blvd,lint:generic_venue,,review_venue,graceartslive.com,https://www.graceartslive.com/,"venue '2146 McCulloch Blvd' is a bare street address, not a named place"
venue_quality,low,ef2c4ea3-65e7-4fb2-93dd-58460da06d02,2026-09-12,Lake Havasu Farmers Market,"2144 McCulloch Blvd N Lake Havasu City, AZ 86403",lint:generic_venue,,review_venue,lakehavasufarmersmarket.com,https://www.lakehavasufarmersmarket.com/,"venue '2144 McCulloch Blvd N Lake Havasu City, AZ 86403' is a bare street address, not a named place"
venue_quality,low,102a0a0f-90e3-454c-be63-6049034c5698,2026-09-18,Grace Arts Live Presents Trolls The Musical Jr.,2146 McCulloch Blvd,lint:generic_venue,,review_venue,graceartslive.com,https://www.graceartslive.com/,"venue '2146 McCulloch Blvd' is a bare street address, not a named place"
venue_quality,low,5711de37-59d6-40dc-a621-8c532eb49705,2026-09-19,Lake Havasu Farmers Market,"2144 McCulloch Blvd N Lake Havasu City, AZ 86403",lint:generic_venue,,review_venue,lakehavasufarmersmarket.com,https://www.lakehavasufarmersmarket.com/,"venue '2144 McCulloch Blvd N Lake Havasu City, AZ 86403' is a bare street address, not a named place"
venue_quality,low,3cd6227f-58fa-4d71-b4bb-d2678481e277,2026-09-25,Grace Arts Live 20th Anniversary Event,2146 McCulloch Blvd,lint:generic_venue,,review_venue,riverscenemagazine.com,https://riverscenemagazine.com/events/grace-arts-live-20th-anniversary-event/,"venue '2146 McCulloch Blvd' is a bare street address, not a named place"
venue_quality,low,79c0f393-af5d-4500-affa-4e9ec76f98cb,2026-09-26,Lake Havasu Farmers Market,"2144 McCulloch Blvd N Lake Havasu City, AZ 86403",lint:generic_venue,,review_venue,lakehavasufarmersmarket.com,https://www.lakehavasufarmersmarket.com/,"venue '2144 McCulloch Blvd N Lake Havasu City, AZ 86403' is a bare street address, not a named place"
venue_quality,low,2523ec83-5cd0-4e11-805a-4c4a5e375571,2026-10-03,Lake Havasu Farmers Market,"2144 McCulloch Blvd N Lake Havasu City, AZ 86403",lint:generic_venue,,review_venue,lakehavasufarmersmarket.com,https://www.lakehavasufarmersmarket.com/,"venue '2144 McCulloch Blvd N Lake Havasu City, AZ 86403' is a bare street address, not a named place"
venue_quality,low,75a1f25b-f938-4db4-a1c5-d82105c14ea8,2026-10-09,Grace Arts Live Presents The Pirates Of Penzance,2146 McCulloch Blvd,lint:generic_venue,,review_venue,graceartslive.com,https://www.graceartslive.com/,"venue '2146 McCulloch Blvd' is a bare street address, not a named place"
venue_quality,low,6163eb7b-40d2-49fe-8209-a3edc6d6e8a0,2026-10-10,Lake Havasu Farmers Market,"2144 McCulloch Blvd N Lake Havasu City, AZ 86403",lint:generic_venue,,review_venue,lakehavasufarmersmarket.com,https://www.lakehavasufarmersmarket.com/,"venue '2144 McCulloch Blvd N Lake Havasu City, AZ 86403' is a bare street address, not a named place"
venue_quality,low,48d4824b-ac31-42fb-96b0-1373002ba4e1,2026-10-16,Grace Arts Live Presents The Pirates Of Penzance,2146 McCulloch Blvd,lint:generic_venue,,review_venue,graceartslive.com,https://www.graceartslive.com/,"venue '2146 McCulloch Blvd' is a bare street address, not a named place"
venue_quality,low,c7ea71d9-b977-49a6-b2b6-2bc80ad2699e,2026-10-17,Lake Havasu Farmers Market,"2144 McCulloch Blvd N Lake Havasu City, AZ 86403",lint:generic_venue,,review_venue,lakehavasufarmersmarket.com,https://www.lakehavasufarmersmarket.com/,"venue '2144 McCulloch Blvd N Lake Havasu City, AZ 86403' is a bare street address, not a named place"
venue_quality,low,cb893f1a-b49f-4709-be9a-e657d874522b,2026-10-17,London Bridge Beards and Mustache Competition 55th Anniversary,"40 London Bridge Rd, Lake Havasu City, AZ 86403",lint:generic_venue,,review_venue,lakehavasuboatpatrol.com,https://www.lakehavasuboatpatrol.com/,"venue '40 London Bridge Rd, Lake Havasu City, AZ 86403' is a bare street address, not a named place"
venue_quality,low,d625d52c-5797-4e0d-a80e-654c7e575466,2026-10-23,Grace Arts Live Presents The Pirates Of Penzance,2146 McCulloch Blvd,lint:generic_venue,,review_venue,graceartslive.com,https://www.graceartslive.com/,"venue '2146 McCulloch Blvd' is a bare street address, not a named place"
venue_quality,low,1c34c0dd-a013-4f61-819e-a072715157e3,2026-10-24,Lake Havasu Farmers Market,"2144 McCulloch Blvd N Lake Havasu City, AZ 86403",lint:generic_venue,,review_venue,lakehavasufarmersmarket.com,https://www.lakehavasufarmersmarket.com/,"venue '2144 McCulloch Blvd N Lake Havasu City, AZ 86403' is a bare street address, not a named place"
venue_quality,low,79707b2a-d10c-411f-b185-dbc1ea5fcaf6,2026-10-31,Lake Havasu Farmers Market,"2144 McCulloch Blvd N Lake Havasu City, AZ 86403",lint:generic_venue,,review_venue,lakehavasufarmersmarket.com,https://www.lakehavasufarmersmarket.com/,"venue '2144 McCulloch Blvd N Lake Havasu City, AZ 86403' is a bare street address, not a named place"
venue_quality,low,ca464c01-804c-4734-a303-a4831e42f03a,2026-11-06,Grace Arts Live Presents Cinderella,2146 McCulloch Blvd,lint:generic_venue,,review_venue,graceartslive.com,https://www.graceartslive.com/,"venue '2146 McCulloch Blvd' is a bare street address, not a named place"
venue_quality,low,9b03b725-e436-447e-8c7e-471444e909bf,2026-11-07,Lake Havasu Farmers Market,"2144 McCulloch Blvd N Lake Havasu City, AZ 86403",lint:generic_venue,,review_venue,lakehavasufarmersmarket.com,https://www.lakehavasufarmersmarket.com/,"venue '2144 McCulloch Blvd N Lake Havasu City, AZ 86403' is a bare street address, not a named place"
venue_quality,low,26529c00-4a37-4772-9566-8f669a7014b1,2026-11-13,Grace Arts Live Presents Cinderella,2146 McCulloch Blvd,lint:generic_venue,,review_venue,graceartslive.com,https://www.graceartslive.com/,"venue '2146 McCulloch Blvd' is a bare street address, not a named place"
venue_quality,low,9e8548cc-7213-4194-b283-6494ad0c20bd,2026-11-14,Lake Havasu Farmers Market,"2144 McCulloch Blvd N Lake Havasu City, 86403",lint:generic_venue,,review_venue,lakehavasufarmersmarket.com,https://www.lakehavasufarmersmarket.com/,"venue '2144 McCulloch Blvd N Lake Havasu City, 86403' is a bare street address, not a named place"
venue_quality,low,a4109445-2070-4ec4-bd9c-3fd4ad82751a,2026-11-20,Grace Arts Live Presents Cinderella,2146 McCulloch Blvd,lint:generic_venue,,review_venue,graceartslive.com,https://www.graceartslive.com/,"venue '2146 McCulloch Blvd' is a bare street address, not a named place"
venue_quality,low,cde2dd87-ad16-4fc5-952d-9e10c25ce1f1,2026-11-21,Lake Havasu Farmers Market,"2144 McCulloch Blvd N Lake Havasu City, AZ 86403",lint:generic_venue,,review_venue,lakehavasufarmersmarket.com,https://www.lakehavasufarmersmarket.com/,"venue '2144 McCulloch Blvd N Lake Havasu City, AZ 86403' is a bare street address, not a named place"
venue_quality,low,e5961340-4e2e-452d-b4a3-01958c65cf86,2026-11-28,Lake Havasu Farmers Market,"2144 McCulloch Blvd N Lake Havasu City, AZ 86403",lint:generic_venue,,review_venue,lakehavasufarmersmarket.com,https://www.lakehavasufarmersmarket.com/,"venue '2144 McCulloch Blvd N Lake Havasu City, AZ 86403' is a bare street address, not a named place"
venue_quality,low,0d3ddb50-3fdb-4f06-896e-1f2dc9082a07,2026-12-05,Lake Havasu Farmers Market,"2144 McCulloch Blvd N Lake Havasu City, AZ 86403",lint:generic_venue,,review_venue,lakehavasufarmersmarket.com,https://www.lakehavasufarmersmarket.com/,"venue '2144 McCulloch Blvd N Lake Havasu City, AZ 86403' is a bare street address, not a named place"
venue_quality,low,0161685a-b50f-4462-b011-61a719c10667,2026-12-12,Lake Havasu Farmers Market,"2144 McCulloch Blvd N Lake Havasu City, AZ 86403",lint:generic_venue,,review_venue,lakehavasufarmersmarket.com,https://www.lakehavasufarmersmarket.com/,"venue '2144 McCulloch Blvd N Lake Havasu City, AZ 86403' is a bare street address, not a named place"
venue_quality,low,6d0ae3e5-caf5-4776-adfd-45a6b962c14c,2026-12-19,Lake Havasu Farmers Market,"2144 McCulloch Blvd NLake Havas City, AZ 86403",lint:generic_venue,,review_venue,lakehavasufarmersmarket.com,https://www.lakehavasufarmersmarket.com/,"venue '2144 McCulloch Blvd NLake Havas City, AZ 86403' is a bare street address, not a named place"
venue_quality,low,84720ec6-c5ae-411c-95c2-a2a74a678e70,2026-12-26,Lake Havasu Farmers Market,"2144 McCulloch Blvd N Lake Havasu City, AZ 86403",lint:generic_venue,,review_venue,lakehavasufarmersmarket.com,https://www.lakehavasufarmersmarket.com/,"venue '2144 McCulloch Blvd N Lake Havasu City, AZ 86403' is a bare street address, not a named place"
weak_source,low,6bb1309f-d317-48a4-b049-d5b3212ee188,2026-07-14,Uncorked Bunco,Foundry Plates & Spirits,https://www.foundryhavasu.com/,,review,foundryhavasu.com,https://www.foundryhavasu.com/,"SOURCE_IS_HOMEPAGE: provenance is only a site homepage (weak, not per-event)"
weak_source,low,14f42766-0e6b-40ab-ba9d-f6d2a06c2a1e,2026-07-17,Pop Up Social-Women With Willpower,Hangar 24,https://womenwithwillpower.org/,,review,womenwithwillpower.org,https://womenwithwillpower.org/,"SOURCE_IS_HOMEPAGE: provenance is only a site homepage (weak, not per-event)"
weak_source,low,9f5bdec3-4e3f-4724-aa3e-4f3556a92dbb,2026-07-18,"The Western Arizona Humane Society ""Back to the 80's Bowling Night",Havasu Lanes,https://westernarizonahumane.org/,,review,westernarizonahumane.org,https://westernarizonahumane.org/,"SOURCE_IS_HOMEPAGE: provenance is only a site homepage (weak, not per-event)"
weak_source,low,f3bda030-ca19-4cff-9fc6-61a961edd040,2026-07-23,School Supply Drive,Golf N Brews,https://havencenterlhc.org/,,review,havencenterlhc.org,https://havencenterlhc.org/,"SOURCE_IS_HOMEPAGE: provenance is only a site homepage (weak, not per-event)"
weak_source,low,36d3011d-3751-4a7a-bf68-1415713d2ab7,2026-07-23,Gnocchi Making Class,SummeRay Wine Bar & Local Eatery,https://summeraywinebar.com/,,review,summeraywinebar.com,https://summeraywinebar.com/,"SOURCE_IS_HOMEPAGE: provenance is only a site homepage (weak, not per-event)"
weak_source,low,1f30b11d-255e-4ddf-b758-9ee986acb38c,2026-07-24,HAVASIS CHAT & CRAFT,"Montana Steak House 3301 Maricopa Avenue Lake Havasu City, AZ",https://havasis.org/,,review,havasis.org,https://havasis.org/,"SOURCE_IS_HOMEPAGE: provenance is only a site homepage (weak, not per-event)"
weak_source,low,bff73b60-9c22-40c4-a012-17b0bbcbb9bb,2026-07-24,Grace Arts Live Presents Alice In Wonderland Jr.,2146 McCulloch Blvd,https://graceartslive.com/,,review,graceartslive.com,https://graceartslive.com/,"SOURCE_IS_HOMEPAGE: provenance is only a site homepage (weak, not per-event)"
weak_source,low,d04d0a85-01ef-4486-9b71-9c14afaaaed1,2026-07-25,Lake Havasu Farmers Market,"2144 McCulloch Blvd N Lake Havasu City, AZ 86403",https://www.lakehavasufarmersmarket.com/,,review,lakehavasufarmersmarket.com,https://www.lakehavasufarmersmarket.com/,"SOURCE_IS_HOMEPAGE: provenance is only a site homepage (weak, not per-event)"
weak_source,low,3664e95d-f461-40ea-be9c-7d2322f951d9,2026-07-25,Top Goons: A First Class Night of Comedy,Hangar 24 Taproom,https://mohavecomedy.com/,,review,mohavecomedy.com,https://mohavecomedy.com/,"SOURCE_IS_HOMEPAGE: provenance is only a site homepage (weak, not per-event)"
weak_source,low,e85d693d-a58b-459d-afbe-4e3dd419a038,2026-08-01,Lake Havasu Farmers Market,"2144 McCulloch Blvd N Lake Havasu City, AZ 86403",https://www.lakehavasufarmersmarket.com/,,review,lakehavasufarmersmarket.com,https://www.lakehavasufarmersmarket.com/,"SOURCE_IS_HOMEPAGE: provenance is only a site homepage (weak, not per-event)"
weak_source,low,20ed5f40-1faa-428c-86b3-649e6c7e8876,2026-08-03,Telesis First Day of School 2026,Telesis Preparatory Academy,https://www.telesis-academy.org/,,review,telesis-academy.org,https://www.telesis-academy.org/,"SOURCE_IS_HOMEPAGE: provenance is only a site homepage (weak, not per-event)"
weak_source,low,2f45c788-fef4-4005-a686-8f0667d779ad,2026-08-08,Lake Havasu Farmers Market,"2144 McCulloch Blvd N Lake Havasu City, AZ 86403",https://www.lakehavasufarmersmarket.com/,,review,lakehavasufarmersmarket.com,https://www.lakehavasufarmersmarket.com/,"SOURCE_IS_HOMEPAGE: provenance is only a site homepage (weak, not per-event)"
weak_source,low,69a9a0d8-a202-4599-896e-ee8d86bde55d,2026-08-15,Lake Havasu Farmers Market,"2144 McCulloch Blvd N Lake Havasu City, AZ 86403",https://www.lakehavasufarmersmarket.com/,,review,lakehavasufarmersmarket.com,https://www.lakehavasufarmersmarket.com/,"SOURCE_IS_HOMEPAGE: provenance is only a site homepage (weak, not per-event)"
weak_source,low,1d657f64-c08d-4177-9d86-8711d5727bad,2026-08-20,HAVASIS END OF SUMMER LUNCH,Montana's Steak House 3301 Maricopa Avenue,https://havasis.org/,,review,havasis.org,https://havasis.org/,"SOURCE_IS_HOMEPAGE: provenance is only a site homepage (weak, not per-event)"
weak_source,low,60c183e0-c99d-4218-b852-b31bf80661d9,2026-08-22,Lake Havasu Farmers Market,"2144 McCulloch Blvd N Lake Havasu City, AZ 86403",https://www.lakehavasufarmersmarket.com/,,review,lakehavasufarmersmarket.com,https://www.lakehavasufarmersmarket.com/,"SOURCE_IS_HOMEPAGE: provenance is only a site homepage (weak, not per-event)"
weak_source,low,66927f67-028f-4848-b037-1cd145c603f9,2026-08-29,Lake Havasu Farmers Market,"2144 McCulloch Blvd N Lake Havasu City, AZ 86403",https://www.lakehavasufarmersmarket.com/,,review,lakehavasufarmersmarket.com,https://www.lakehavasufarmersmarket.com/,"SOURCE_IS_HOMEPAGE: provenance is only a site homepage (weak, not per-event)"
weak_source,low,e81447e5-434f-4270-98c2-3c90911aab3a,2026-09-05,Lake Havasu Farmers Market,"2144 McCulloch Blvd N Lake Havasu City, AZ 86403",https://www.lakehavasufarmersmarket.com/,,review,lakehavasufarmersmarket.com,https://www.lakehavasufarmersmarket.com/,"SOURCE_IS_HOMEPAGE: provenance is only a site homepage (weak, not per-event)"
weak_source,low,58f0902d-7c8c-473d-ae99-0a82270dadff,2026-09-11,Sleepless in Havasu,Michael Alan Furniture & Design,https://cancercareresource.com/?fbclid=IwY2xjawSpSMJleHRuA2FlbQIxMABicmlkETFRb2k3Q1Y5QndrZzluZXFLc3J0YwZhcHBfaWQQMjIyMDM5MTc4ODIwMDg5MgABHsoXSqO2IcoNkAysFUbgRPf7TSKlXhrKKm4svwraFO_eiWmhR9yBlgV2NOMH_aem_kpi6EF17j3xfHUtQI-MYcA,,review,cancercareresource.com,https://cancercareresource.com/?fbclid=IwY2xjawSpSMJleHRuA2FlbQIxMABicmlkETFRb2k3Q1Y5QndrZzluZXFLc3J0YwZhcHBfaWQQMjIyMDM5MTc4ODIwMDg5MgABHsoXSqO2IcoNkAysFUbgRPf7TSKlXhrKKm4svwraFO_eiWmhR9yBlgV2NOMH_aem_kpi6EF17j3xfHUtQI-MYcA,"SOURCE_IS_HOMEPAGE: provenance is only a site homepage (weak, not per-event)"
weak_source,low,58339216-0c70-4539-9e6e-1c9a1bfa9a71,2026-09-11,Cirque de Masquerade Charity Gala,London Bridge Resort Convention Center,https://dontbegreedynonprofit.com/,,review,dontbegreedynonprofit.com,https://dontbegreedynonprofit.com/,"SOURCE_IS_HOMEPAGE: provenance is only a site homepage (weak, not per-event)"
weak_source,low,958dcf50-ad32-4d11-9415-6fbcdd9e26d8,2026-09-11,Grace Arts Live Presents Trolls The Musical Jr.,2146 McCulloch Blvd,https://www.graceartslive.com/,,review,graceartslive.com,https://www.graceartslive.com/,"SOURCE_IS_HOMEPAGE: provenance is only a site homepage (weak, not per-event)"
weak_source,low,ef2c4ea3-65e7-4fb2-93dd-58460da06d02,2026-09-12,Lake Havasu Farmers Market,"2144 McCulloch Blvd N Lake Havasu City, AZ 86403",https://www.lakehavasufarmersmarket.com/,,review,lakehavasufarmersmarket.com,https://www.lakehavasufarmersmarket.com/,"SOURCE_IS_HOMEPAGE: provenance is only a site homepage (weak, not per-event)"
weak_source,low,102a0a0f-90e3-454c-be63-6049034c5698,2026-09-18,Grace Arts Live Presents Trolls The Musical Jr.,2146 McCulloch Blvd,https://www.graceartslive.com/,,review,graceartslive.com,https://www.graceartslive.com/,"SOURCE_IS_HOMEPAGE: provenance is only a site homepage (weak, not per-event)"
weak_source,low,5711de37-59d6-40dc-a621-8c532eb49705,2026-09-19,Lake Havasu Farmers Market,"2144 McCulloch Blvd N Lake Havasu City, AZ 86403",https://www.lakehavasufarmersmarket.com/,,review,lakehavasufarmersmarket.com,https://www.lakehavasufarmersmarket.com/,"SOURCE_IS_HOMEPAGE: provenance is only a site homepage (weak, not per-event)"
weak_source,low,c20a80ef-5db9-4733-927e-885f22afe417,2026-09-23,Hav-A-Sis Sip & Paint,The Foundry,https://havasis.org/?fbclid=IwY2xjawSw4UlleHRuA2FlbQIxMABicmlkETEwQnkxVUNPbjlEb0tNc3Jmc3J0YwZhcHBfaWQQMjIyMDM5MTc4ODIwMDg5MgABHr195c1nnw4sPSyyDySKQzPhXv6yEiZ2qFl9WxXd4HXWlUyq554VU0RR5idS_aem_TTPGubXvhKRb5S9KPSysyw,,review,havasis.org,https://havasis.org/?fbclid=IwY2xjawSw4UlleHRuA2FlbQIxMABicmlkETEwQnkxVUNPbjlEb0tNc3Jmc3J0YwZhcHBfaWQQMjIyMDM5MTc4ODIwMDg5MgABHr195c1nnw4sPSyyDySKQzPhXv6yEiZ2qFl9WxXd4HXWlUyq554VU0RR5idS_aem_TTPGubXvhKRb5S9KPSysyw,"SOURCE_IS_HOMEPAGE: provenance is only a site homepage (weak, not per-event)"
weak_source,low,530ae81a-09ea-4ae3-ab62-5f0dc7110b3e,2026-09-25,Pro Watercross USA *Road to Havasu*,Lake Havasu State Park,https://prowatercross.com/,,review,prowatercross.com,https://prowatercross.com/,"SOURCE_IS_HOMEPAGE: provenance is only a site homepage (weak, not per-event)"
weak_source,low,79c0f393-af5d-4500-affa-4e9ec76f98cb,2026-09-26,Lake Havasu Farmers Market,"2144 McCulloch Blvd N Lake Havasu City, AZ 86403",https://www.lakehavasufarmersmarket.com/,,review,lakehavasufarmersmarket.com,https://www.lakehavasufarmersmarket.com/,"SOURCE_IS_HOMEPAGE: provenance is only a site homepage (weak, not per-event)"
weak_source,low,b0c1e719-762b-4774-858e-e5b1b84d116c,2026-09-26,Sip 'n Shop,Lake Havasu City Aquatic Center,https://womenwithwillpower.org/,,review,womenwithwillpower.org,https://womenwithwillpower.org/,"SOURCE_IS_HOMEPAGE: provenance is only a site homepage (weak, not per-event)"
weak_source,low,86cbd5f7-c21f-4f8f-8440-f8739a6c535f,2026-10-03,SBT IJSBA World Finals,Crazy Horse Campgrounds,http://ijsba.com/,,review,ijsba.com,http://ijsba.com/,"SOURCE_IS_HOMEPAGE: provenance is only a site homepage (weak, not per-event)"
weak_source,low,2523ec83-5cd0-4e11-805a-4c4a5e375571,2026-10-03,Lake Havasu Farmers Market,"2144 McCulloch Blvd N Lake Havasu City, AZ 86403",https://www.lakehavasufarmersmarket.com/,,review,lakehavasufarmersmarket.com,https://www.lakehavasufarmersmarket.com/,"SOURCE_IS_HOMEPAGE: provenance is only a site homepage (weak, not per-event)"
weak_source,low,e215d032-2460-458f-9f8d-084505e92c46,2026-10-09,Havasu Halloween Haunt,Rotary Park Ball Fields and Skate Park,https://havasuhaunt.com/,,review,havasuhaunt.com,https://havasuhaunt.com/,"SOURCE_IS_HOMEPAGE: provenance is only a site homepage (weak, not per-event)"
weak_source,low,75a1f25b-f938-4db4-a1c5-d82105c14ea8,2026-10-09,Grace Arts Live Presents The Pirates Of Penzance,2146 McCulloch Blvd,https://www.graceartslive.com/,,review,graceartslive.com,https://www.graceartslive.com/,"SOURCE_IS_HOMEPAGE: provenance is only a site homepage (weak, not per-event)"
weak_source,low,94a5afe5-e691-4086-8cc2-aff636addecd,2026-10-10,Parade of Homes,Go Lake Havasu Visitor Center,https://www.havasuchamber.com/,,review,havasuchamber.com,https://www.havasuchamber.com/,"SOURCE_IS_HOMEPAGE: provenance is only a site homepage (weak, not per-event)"
weak_source,low,6163eb7b-40d2-49fe-8209-a3edc6d6e8a0,2026-10-10,Lake Havasu Farmers Market,"2144 McCulloch Blvd N Lake Havasu City, AZ 86403",https://www.lakehavasufarmersmarket.com/,,review,lakehavasufarmersmarket.com,https://www.lakehavasufarmersmarket.com/,"SOURCE_IS_HOMEPAGE: provenance is only a site homepage (weak, not per-event)"
weak_source,low,48d4824b-ac31-42fb-96b0-1373002ba4e1,2026-10-16,Grace Arts Live Presents The Pirates Of Penzance,2146 McCulloch Blvd,https://www.graceartslive.com/,,review,graceartslive.com,https://www.graceartslive.com/,"SOURCE_IS_HOMEPAGE: provenance is only a site homepage (weak, not per-event)"
weak_source,low,c7ea71d9-b977-49a6-b2b6-2bc80ad2699e,2026-10-17,Lake Havasu Farmers Market,"2144 McCulloch Blvd N Lake Havasu City, AZ 86403",https://www.lakehavasufarmersmarket.com/,,review,lakehavasufarmersmarket.com,https://www.lakehavasufarmersmarket.com/,"SOURCE_IS_HOMEPAGE: provenance is only a site homepage (weak, not per-event)"
weak_source,low,cb893f1a-b49f-4709-be9a-e657d874522b,2026-10-17,London Bridge Beards and Mustache Competition 55th Anniversary,"40 London Bridge Rd, Lake Havasu City, AZ 86403",https://www.lakehavasuboatpatrol.com/,,review,lakehavasuboatpatrol.com,https://www.lakehavasuboatpatrol.com/,"SOURCE_IS_HOMEPAGE: provenance is only a site homepage (weak, not per-event)"
weak_source,low,427fd7b3-d87f-4fc9-a09a-1a22628999be,2026-10-21,Annual Relics & Rods - Run to the Sun,Birch Square,http://relicsandrods.com/,,review,relicsandrods.com,http://relicsandrods.com/,"SOURCE_IS_HOMEPAGE: provenance is only a site homepage (weak, not per-event)"
weak_source,low,d625d52c-5797-4e0d-a80e-654c7e575466,2026-10-23,Grace Arts Live Presents The Pirates Of Penzance,2146 McCulloch Blvd,https://www.graceartslive.com/,,review,graceartslive.com,https://www.graceartslive.com/,"SOURCE_IS_HOMEPAGE: provenance is only a site homepage (weak, not per-event)"
weak_source,low,1c34c0dd-a013-4f61-819e-a072715157e3,2026-10-24,Lake Havasu Farmers Market,"2144 McCulloch Blvd N Lake Havasu City, AZ 86403",https://www.lakehavasufarmersmarket.com/,,review,lakehavasufarmersmarket.com,https://www.lakehavasufarmersmarket.com/,"SOURCE_IS_HOMEPAGE: provenance is only a site homepage (weak, not per-event)"
weak_source,low,c11355f0-f25b-4dc7-8326-738b4a01f1d1,2026-10-25,Witch Paddle,London Bridge Beach,https://www.witchpaddlelhc.com/,,review,witchpaddlelhc.com,https://www.witchpaddlelhc.com/,"SOURCE_IS_HOMEPAGE: provenance is only a site homepage (weak, not per-event)"
weak_source,low,615cf3d6-e8d1-4455-984a-5acda28b33d9,2026-10-25,2026 Witch Paddle,"Bridgewater Channel 1477 Queen's Bay Lake Havasu City, AZ",https://witchpaddlelhc.com/,,review,witchpaddlelhc.com,https://witchpaddlelhc.com/,"SOURCE_IS_HOMEPAGE: provenance is only a site homepage (weak, not per-event)"
weak_source,low,79707b2a-d10c-411f-b185-dbc1ea5fcaf6,2026-10-31,Lake Havasu Farmers Market,"2144 McCulloch Blvd N Lake Havasu City, AZ 86403",https://www.lakehavasufarmersmarket.com/,,review,lakehavasufarmersmarket.com,https://www.lakehavasufarmersmarket.com/,"SOURCE_IS_HOMEPAGE: provenance is only a site homepage (weak, not per-event)"
weak_source,low,ca464c01-804c-4734-a303-a4831e42f03a,2026-11-06,Grace Arts Live Presents Cinderella,2146 McCulloch Blvd,https://www.graceartslive.com/,,review,graceartslive.com,https://www.graceartslive.com/,"SOURCE_IS_HOMEPAGE: provenance is only a site homepage (weak, not per-event)"
weak_source,low,9b03b725-e436-447e-8c7e-471444e909bf,2026-11-07,Lake Havasu Farmers Market,"2144 McCulloch Blvd N Lake Havasu City, AZ 86403",https://www.lakehavasufarmersmarket.com/,,review,lakehavasufarmersmarket.com,https://www.lakehavasufarmersmarket.com/,"SOURCE_IS_HOMEPAGE: provenance is only a site homepage (weak, not per-event)"
weak_source,low,09d07b86-d87c-45c2-b660-0a4c2821a998,2026-11-13,Lake Havasu Home & Garden Expo Fall Show,Lake Havasu Aquatic Center,https://www.lakehavasuhomeshow.com/,,review,lakehavasuhomeshow.com,https://www.lakehavasuhomeshow.com/,"SOURCE_IS_HOMEPAGE: provenance is only a site homepage (weak, not per-event)"
weak_source,low,26529c00-4a37-4772-9566-8f669a7014b1,2026-11-13,Grace Arts Live Presents Cinderella,2146 McCulloch Blvd,https://www.graceartslive.com/,,review,graceartslive.com,https://www.graceartslive.com/,"SOURCE_IS_HOMEPAGE: provenance is only a site homepage (weak, not per-event)"
weak_source,low,9e8548cc-7213-4194-b283-6494ad0c20bd,2026-11-14,Lake Havasu Farmers Market,"2144 McCulloch Blvd N Lake Havasu City, 86403",https://www.lakehavasufarmersmarket.com/,,review,lakehavasufarmersmarket.com,https://www.lakehavasufarmersmarket.com/,"SOURCE_IS_HOMEPAGE: provenance is only a site homepage (weak, not per-event)"
weak_source,low,a4109445-2070-4ec4-bd9c-3fd4ad82751a,2026-11-20,Grace Arts Live Presents Cinderella,2146 McCulloch Blvd,https://www.graceartslive.com/,,review,graceartslive.com,https://www.graceartslive.com/,"SOURCE_IS_HOMEPAGE: provenance is only a site homepage (weak, not per-event)"
weak_source,low,cde2dd87-ad16-4fc5-952d-9e10c25ce1f1,2026-11-21,Lake Havasu Farmers Market,"2144 McCulloch Blvd N Lake Havasu City, AZ 86403",https://www.lakehavasufarmersmarket.com/,,review,lakehavasufarmersmarket.com,https://www.lakehavasufarmersmarket.com/,"SOURCE_IS_HOMEPAGE: provenance is only a site homepage (weak, not per-event)"
weak_source,low,4eff7ca5-4d39-4d25-bc00-e0f0e1e428f4,2026-11-22,O’Christmas Tree - Tree & Wreath Auction,London Bridge Resort,https://womenwithwillpower.org/,,review,womenwithwillpower.org,https://womenwithwillpower.org/,"SOURCE_IS_HOMEPAGE: provenance is only a site homepage (weak, not per-event)"
weak_source,low,e5961340-4e2e-452d-b4a3-01958c65cf86,2026-11-28,Lake Havasu Farmers Market,"2144 McCulloch Blvd N Lake Havasu City, AZ 86403",https://www.lakehavasufarmersmarket.com/,,review,lakehavasufarmersmarket.com,https://www.lakehavasufarmersmarket.com/,"SOURCE_IS_HOMEPAGE: provenance is only a site homepage (weak, not per-event)"
weak_source,low,ee4b3198-a8a5-41e6-a2e3-0d38bf2ae322,2027-01-21,Havasu Balloon Festival,"Windsor 4 699 London Bridge Road Lake Havasu City, AZ 86403",https://havasuballoonfestival.com/,,review,havasuballoonfestival.com,https://havasuballoonfestival.com/,"SOURCE_IS_HOMEPAGE: provenance is only a site homepage (weak, not per-event)"
weak_source,low,52660d79-0898-410d-b69b-7d93e2a836df,2027-01-21,Havasu Balloon Festival & Fair,"Lake Havasu State Park, Windsor 4",https://havasuballoonfestival.com/,,review,havasuballoonfestival.com,https://havasuballoonfestival.com/,"SOURCE_IS_HOMEPAGE: provenance is only a site homepage (weak, not per-event)"
weak_source,low,421c1a40-57ce-4444-bca4-1dc13e280b28,2027-01-28,London Bridge Model Boat Club 24th Annual RC Boat Race,Bridgewater Channel,https://lbmbc.com/,,review,lbmbc.com,https://lbmbc.com/,"SOURCE_IS_HOMEPAGE: provenance is only a site homepage (weak, not per-event)"
weak_source,low,25cc416e-c574-46b1-905d-3678c0236e3a,2027-01-29,The Rockabilly Reunion,Lake Havasu State Park Windsor Beach,https://www.therockabillyreunion.com/,,review,therockabillyreunion.com,https://www.therockabillyreunion.com/,"SOURCE_IS_HOMEPAGE: provenance is only a site homepage (weak, not per-event)"
weak_source,low,29f1bd4c-dc8c-4910-afba-77aff8d97de1,2027-01-30,Lake Havasu Home & Garden Expo Spring Show,Lake Havasu Aquatic Center,https://www.lakehavasuhomeshow.com/,,review,lakehavasuhomeshow.com,https://www.lakehavasuhomeshow.com/,"SOURCE_IS_HOMEPAGE: provenance is only a site homepage (weak, not per-event)"
weak_source,low,69321a47-56f4-45ad-8426-1b634b07e4ac,2027-02-10,Western WinterBlast38,SARA PARK,https://westernpyro.org/,,review,westernpyro.org,https://westernpyro.org/,"SOURCE_IS_HOMEPAGE: provenance is only a site homepage (weak, not per-event)"
weak_source,low,ebb94280-8b05-4075-a644-9c14ec2a57dd,2027-02-10,Fireworks Havasu - Annual Western Winter Blast Pyrotechnics Show,Havasu 95 Speedway @ SARA Park,http://www.fireworkshavasu.com/,,review,fireworkshavasu.com,http://www.fireworkshavasu.com/,"SOURCE_IS_HOMEPAGE: provenance is only a site homepage (weak, not per-event)"
weak_source,low,29b12106-dbd3-4b4c-9b62-30c52dd3fd66,2027-02-26,Havasu Art Trail,Multiple locations around Lake Havasu City,https://www.havasuarttrail.com/,,review,havasuarttrail.com,https://www.havasuarttrail.com/,"SOURCE_IS_HOMEPAGE: provenance is only a site homepage (weak, not per-event)"
weak_source,low,4333728f-6ecc-4a0f-9346-3a6c1345f30b,2027-02-27,Havasu Art Trail,Multiple locations around Lake Havasu City,https://www.havasuarttrail.com/,,review,havasuarttrail.com,https://www.havasuarttrail.com/,"SOURCE_IS_HOMEPAGE: provenance is only a site homepage (weak, not per-event)"
weak_source,low,3cc9f928-ac75-4595-95a6-1c244d05c0bc,2027-02-28,Havasu Art Trail,Multiple locations around Lake Havasu City,https://www.havasuarttrail.com/,,review,havasuarttrail.com,https://www.havasuarttrail.com/,"SOURCE_IS_HOMEPAGE: provenance is only a site homepage (weak, not per-event)"
weak_source,low,87d4c113-ad5b-4d94-a2be-124ace9fcc31,2027-10-15,IWWF World Waterski Racing Titles,"Hosted by the Nautical Beachfront Resort, running is Thompson Bay.",https://www.nwsra.net/,,review,nwsra.net,https://www.nwsra.net/,"SOURCE_IS_HOMEPAGE: provenance is only a site homepage (weak, not per-event)"
same_title_diff_venue,info,ae689f12-b4de-44a3-86bb-daf47c26fcea,2026-07-13,Pickleball Open Play,Mike Delaney Pickleball Complex at Dick Samp Park,"2x same title+date, diff venue",dc66be93@The Ark Center,none (verify distinct),lakehavasupickleball.com,https://www.lakehavasupickleball.com/calendar,same title+date but 2 distinct venues — likely legit distinct sessions
same_title_diff_venue,info,dc66be93-d16c-431f-ad54-94fd7eaee622,2026-07-13,Pickleball Open Play,The Ark Center,"2x same title+date, diff venue",ae689f12@Mike Delaney Pickleball Complex at Dick Samp Park,none (verify distinct),lakehavasupickleball.com,https://www.lakehavasupickleball.com/calendar,same title+date but 2 distinct venues — likely legit distinct sessions
same_title_diff_venue,info,229312b9-07ec-4a66-9ef2-4f3772a394a3,2026-07-14,Pickleball Open Play,Mike Delaney Pickleball Complex at Dick Samp Park,"2x same title+date, diff venue",fad0e7d6@The Ark Center,none (verify distinct),lakehavasupickleball.com,https://www.lakehavasupickleball.com/calendar,same title+date but 2 distinct venues — likely legit distinct sessions
same_title_diff_venue,info,fad0e7d6-d109-4347-9e47-41fb7b89cf0f,2026-07-14,Pickleball Open Play,The Ark Center,"2x same title+date, diff venue",229312b9@Mike Delaney Pickleball Complex at Dick Samp Park,none (verify distinct),lakehavasupickleball.com,https://www.lakehavasupickleball.com/calendar,same title+date but 2 distinct venues — likely legit distinct sessions
same_title_diff_venue,info,04f71109-86f4-4e93-9393-8a78a031f026,2026-07-15,Pickleball Open Play,Mike Delaney Pickleball Complex at Dick Samp Park,"2x same title+date, diff venue",9c7cac60@The Ark Center,none (verify distinct),lakehavasupickleball.com,https://www.lakehavasupickleball.com/calendar,same title+date but 2 distinct venues — likely legit distinct sessions
same_title_diff_venue,info,9c7cac60-e2e4-46f4-b6ae-8bfd1141b6a7,2026-07-15,Pickleball Open Play,The Ark Center,"2x same title+date, diff venue",04f71109@Mike Delaney Pickleball Complex at Dick Samp Park,none (verify distinct),lakehavasupickleball.com,https://www.lakehavasupickleball.com/calendar,same title+date but 2 distinct venues — likely legit distinct sessions
same_title_diff_venue,info,ce328fe5-ac31-42f9-85ee-2d6f4e4435e1,2026-07-16,Pickleball Open Play,Mike Delaney Pickleball Complex at Dick Samp Park,"2x same title+date, diff venue",728bfae5@The Ark Center,none (verify distinct),lakehavasupickleball.com,https://www.lakehavasupickleball.com/calendar,same title+date but 2 distinct venues — likely legit distinct sessions
same_title_diff_venue,info,728bfae5-7e4e-42b5-b863-853d6e1f7b68,2026-07-16,Pickleball Open Play,The Ark Center,"2x same title+date, diff venue",ce328fe5@Mike Delaney Pickleball Complex at Dick Samp Park,none (verify distinct),lakehavasupickleball.com,https://www.lakehavasupickleball.com/calendar,same title+date but 2 distinct venues — likely legit distinct sessions
same_title_diff_venue,info,81711f70-34a5-4297-9452-079f51a24215,2026-07-17,Pickleball Open Play,Mike Delaney Pickleball Complex at Dick Samp Park,"2x same title+date, diff venue",67de00c6@The Ark Center,none (verify distinct),lakehavasupickleball.com,https://www.lakehavasupickleball.com/calendar,same title+date but 2 distinct venues — likely legit distinct sessions
same_title_diff_venue,info,67de00c6-af70-4767-85e7-8802fa6e2ac0,2026-07-17,Pickleball Open Play,The Ark Center,"2x same title+date, diff venue",81711f70@Mike Delaney Pickleball Complex at Dick Samp Park,none (verify distinct),lakehavasupickleball.com,https://www.lakehavasupickleball.com/calendar,same title+date but 2 distinct venues — likely legit distinct sessions
